ifInOctets11,ifOutOctets11,ifInUcastPkts11,ifOutUcastPkts11,tcpOutRsts,tcpInSegs,tcpOutSegs,tcpPassiveOpens,tcpRetransSegs,tcpCurrEstab,tcpActiveOpens,udpInDatagrams,udpOutDatagrams,udpNoPorts,ipInReceives,ipInDelivers,ipOutRequests,icmpInMsgs,icmpOutMsgs,icmpOutDestUnreachs,icmpInEchos,icmpOutEchoReps,target
55885576,4250169,41867,14143,0,0,0,0,0,0,0,73,69,1,217,123,151,2,65,63,3,3,normal
98912383,6735590,75215,24591,0,0,0,0,0,0,0,74,70,1,186,134,161,2,59,57,1,1,normal
80566143,7952638,62403,27600,0,8,6,2,0,0,0,56,50,5,136,102,110,3,22,21,3,3,normal
58292299,5252234,44591,15933,1,1,0,0,0,0,0,98,90,4,247,221,169,4,21,20,3,3,httpFlood
73269749,6601843,57771,19705,2,3,0,0,0,0,0,309,307,3,415,352,344,2,31,23,2,2,normal
26885181,1875539,21181,9218,0,0,0,0,0,0,0,49,41,3,217,166,102,2,16,14,2,2,normal
92690802,10527792,72724,26238,1,5,3,1,0,0,0,75,71,3,195,159,129,0,25,24,0,0,normal
82173576,6732039,62806,22148,0,4,3,1,0,0,0,72,71,5,225,119,158,2,56,55,1,1,normal
25650304,3418310,26448,13245,1,1,0,0,0,0,0,76,63,8,208,89,191,4,90,86,5,5,normal
98557012,13411013,70646,25222,1,1,0,0,0,0,0,82,72,2,227,105,205,2,100,98,1,1,normal
64481499,6891698,49429,19839,0,0,0,0,0,0,0,62,54,6,249,136,209,3,103,100,3,4,normal
59343831,4756371,46059,17480,1,10,6,2,0,0,0,509,505,6,710,595,646,6,98,108,6,5,normal
65100952,8574617,51760,20975,1,1,0,0,0,0,0,207,195,5,473,321,326,2,125,107,2,2,normal
56870442,4543734,60370,17046,2,3,0,0,0,0,0,310,304,1,461,336,434,5,96,89,5,5,normal
45527496,2977495,17848,6893,1,1,0,0,0,0,0,59,55,3,251,144,187,3,96,93,4,4,normal
62544510,4104244,83962,30557,0,4,3,1,0,0,0,75,73,0,176,101,188,4,82,78,3,3,normal
103396733,10363618,44865,17224,2,6,3,1,0,0,0,69,64,3,193,165,142,3,32,29,3,3,normal
56359204,6069108,43784,15606,0,0,0,0,0,0,0,60,53,4,139,83,100,5,21,16,5,5,httpFlood
94439479,8906992,72899,28514,0,0,0,0,0,0,0,80,77,3,145,106,130,5,23,18,5,5,httpFlood
74748336,6393910,57881,22035,0,0,0,0,0,0,0,52,48,2,136,82,118,5,28,22,5,5,normal
62184491,6620591,47605,20826,0,4,3,1,0,0,0,74,71,1,145,102,115,0,25,24,0,0,normal
70809521,3936731,55288,18359,0,4,3,1,0,0,0,86,79,4,130,103,145,1,27,26,1,1,normal
22222082,4850315,19849,13600,1,1,0,0,0,0,0,306,302,3,422,369,358,1,26,25,1,1,normal
98013291,7280082,73848,25986,1,1,0,0,0,0,0,66,66,0,180,129,115,1,17,16,1,1,normal
70250994,4489489,52677,17898,0,0,0,0,0,0,0,68,57,1,130,86,117,2,29,27,2,2,normal
27911817,3861811,22332,8678,0,8,6,2,0,0,0,71,61,1,147,109,112,1,19,18,1,1,normal
124712499,8405185,93273,33371,1,1,0,0,0,0,0,76,68,5,128,94,128,0,20,20,0,0,httpFlood
69738289,4846068,52800,17298,1,1,0,0,0,0,0,72,64,4,138,94,111,5,24,19,5,5,normal
54322105,18830792,44170,25653,0,0,0,0,0,0,0,59,56,1,163,121,111,3,20,17,3,3,normal
74294948,5258503,56612,19256,1,2,0,0,0,0,0,78,73,1,202,141,128,1,18,17,1,1,normal
82693640,9996711,65109,25926,1,9,6,2,0,0,0,54,49,5,180,92,106,1,27,31,1,1,normal
41232347,5610403,33316,12982,0,0,0,0,0,0,0,119,111,5,209,164,173,0,30,25,0,1,normal
58241768,3576771,43598,12895,0,0,0,0,0,0,0,2073,2118,1,2315,2322,2346,2,24,22,2,1,normal
43770526,3504035,74063,25275,1,1,0,0,0,0,0,3674,3677,1,3781,3786,3843,2,27,25,2,2,normal
97894785,7244878,43090,18225,1,5,3,1,0,0,0,3218,3191,1,3219,3127,3116,0,25,24,0,0,normal
58029209,3954858,46133,15289,0,4,3,1,0,0,0,416,380,3,509,423,303,1,15,14,1,1,normal
47396706,2534473,35765,11049,0,0,0,0,0,0,0,69,61,6,118,79,95,3,17,13,4,4,httpFlood
122646203,8115735,93450,28137,0,0,0,0,0,0,0,80,74,0,145,102,121,3,21,18,2,2,normal
45859912,3877304,36711,13360,2,2,0,0,0,0,0,64,60,2,152,87,118,3,28,24,3,3,normal
47768700,4213643,38945,15091,0,8,6,2,0,0,0,58,53,4,135,97,115,1,22,21,1,1,normal
58958216,3290429,45249,16531,0,0,0,0,0,0,0,77,73,1,180,146,141,0,23,23,0,0,normal
110945834,9607480,85571,33806,0,0,0,0,0,0,0,314,311,3,370,325,356,2,15,13,2,2,normal
55901548,5201175,43721,15533,0,0,0,0,0,0,0,67,62,0,207,124,101,0,15,15,1,1,normal
44762474,3228798,34647,13122,0,0,0,0,0,0,0,79,73,1,124,99,122,2,19,17,1,1,normal
124908454,10474481,95053,35406,0,8,6,2,0,0,0,66,50,3,133,96,110,1,33,32,1,1,normal
81199584,5577635,61099,23511,1,1,0,0,0,0,0,76,69,3,166,98,139,0,29,29,0,0,normal
87151452,6803578,66754,26300,0,0,0,0,0,0,0,61,55,4,184,104,167,5,61,56,5,5,normal
105331109,20504454,80176,36566,1,1,0,0,0,0,0,70,63,2,142,80,130,4,54,50,4,4,normal
-4118843750,11183994,135197,48289,0,4,3,1,0,0,0,73,70,0,139,96,121,0,22,22,0,0,httpFlood
99110634,20589293,76522,34026,0,4,3,1,0,0,0,68,61,5,203,163,111,1,20,19,1,1,httpFlood
103312159,6597127,78780,26166,1,1,0,0,0,0,0,100,98,3,215,207,255,2,14,13,1,1,normal
88278170,4123698,67005,20980,0,0,0,0,0,0,0,285,281,0,334,266,229,1,23,21,1,1,normal
163694217,7439494,122682,33925,2,4,0,0,0,0,0,57,55,1,122,91,114,2,16,14,2,2,normal
89930493,4831419,66794,20080,1,10,6,2,0,0,0,66,64,1,202,126,127,1,40,39,1,1,normal
117123042,7553236,86933,29315,0,0,0,0,0,0,0,82,74,3,249,136,190,0,83,83,0,0,normal
152060093,10983704,114562,43577,0,0,0,0,0,0,0,56,49,6,245,117,183,5,105,100,5,5,normal
123512492,7727765,92642,26301,1,1,0,0,0,0,0,73,71,0,239,133,190,1,90,108,1,1,normal
79854867,6867740,110448,39444,1,1,0,0,0,0,0,338,363,2,588,476,588,6,94,82,6,6,normal
133711987,13303771,48805,16963,0,8,6,2,0,0,0,322,294,5,443,263,373,2,120,105,2,2,normal
100526217,6762351,75510,24721,0,0,0,0,0,0,0,118,110,1,251,123,229,3,109,105,3,3,normal
110344475,6606618,80899,28825,0,0,0,0,0,0,0,299,290,3,446,328,424,4,100,95,4,4,normal
42938489,2394486,32099,10172,1,1,0,0,0,0,0,58,59,1,230,122,167,5,77,72,5,5,normal
87284560,4584775,86212,29903,0,4,3,1,0,0,0,73,68,0,152,100,137,2,36,34,2,2,normal
75048873,6667856,38789,13378,1,5,3,1,0,0,0,62,64,3,136,91,124,4,29,25,4,4,normal
66803935,7732633,52236,21800,2,2,0,0,0,0,0,68,56,4,143,88,119,4,27,23,4,4,normal
41483168,5382620,32443,14193,1,1,0,0,0,0,0,80,73,3,150,107,132,6,28,22,6,6,normal
91570818,8687659,71172,29250,0,0,0,0,0,0,0,51,48,2,113,81,110,5,26,21,5,5,normal
52204170,3349389,39534,14785,0,4,3,1,0,0,0,78,75,2,155,111,119,0,17,17,0,0,httpFlood
82148798,4907794,63087,21751,2,6,3,1,0,0,0,80,73,3,205,156,128,1,16,15,1,1,normal
73770405,6838705,58072,22706,0,0,0,0,0,0,0,306,305,3,446,403,360,1,22,21,1,1,normal
67349232,5808263,51656,19087,1,2,0,0,0,0,0,71,69,0,163,130,118,1,22,21,1,1,normal
75910440,4991097,57590,18682,0,0,0,0,0,0,0,69,56,1,172,121,111,2,25,23,2,2,normal
17827020,2533217,14618,7522,0,8,6,2,0,0,0,64,58,1,171,141,111,1,14,13,1,1,normal
86950378,4806085,84541,33396,2,2,0,0,0,0,0,78,71,5,154,95,120,0,15,15,0,0,normal
85549057,13974553,47183,18465,1,1,0,0,0,0,0,66,64,4,162,124,118,5,23,18,5,5,httpFlood
74078440,9801159,55868,29125,2,2,0,0,0,0,0,61,54,1,129,87,108,3,21,18,3,3,normal
77435455,10723590,60693,30367,0,0,0,0,0,0,0,79,74,1,191,142,122,1,13,13,1,1,normal
88330733,7574619,67660,31424,0,8,6,2,0,0,0,55,49,5,142,116,110,1,19,17,1,1,httpFlood
54714585,3784949,41375,17495,0,0,0,0,0,0,0,92,89,0,239,224,154,0,21,21,0,0,normal
80715882,5536754,60679,22232,0,0,0,0,0,0,0,2776,2824,3,3010,3047,3138,2,24,22,2,2,normal
87937138,7555017,75361,37384,0,0,0,0,0,0,0,3941,3952,1,4086,4037,3995,2,24,22,2,2,normal
78835629,12062547,63514,30784,0,4,3,1,0,0,0,2629,2559,1,2576,2427,2357,0,28,27,0,0,normal
104996597,8066810,77431,40174,2,6,3,1,0,0,0,60,56,3,159,128,121,1,19,18,1,1,httpFlood
33700255,2716376,26012,11555,4,5,0,0,0,0,0,73,63,6,131,90,104,3,20,17,4,4,httpFlood
144922998,15233574,109907,47727,1,0,0,0,0,0,0,70,72,0,182,134,122,3,19,16,2,2,normal
69777267,7648742,55229,40077,1,2,0,0,0,0,0,68,59,2,131,88,113,3,21,18,3,3,httpFlood
73618659,8969622,56969,15371,2,12,6,2,0,0,0,62,56,4,168,141,112,1,16,14,1,1,normal
114089628,9601255,87147,41180,0,0,0,0,0,0,0,78,72,1,147,92,118,0,16,16,0,0,normal
130402008,9597608,98723,40253,1,2,0,0,0,0,0,313,308,3,477,437,378,2,25,24,2,2,normal
28479161,9205658,23447,19120,0,0,0,0,0,0,0,70,62,1,192,164,105,1,25,23,1,1,normal
102665198,11096735,78168,38943,0,0,0,0,0,0,0,84,72,0,225,196,125,1,19,18,1,1,normal
115927725,10193861,87975,39516,0,8,6,2,0,0,0,60,53,3,140,87,104,1,30,29,1,1,normal
85878769,5625935,64521,25852,0,0,0,0,0,0,0,75,69,4,207,98,150,0,56,56,0,0,normal
90715221,5660864,66929,29289,2,2,0,0,0,0,0,63,68,3,200,150,180,5,54,49,5,5,normal
30126169,4389312,25913,14831,2,2,0,0,0,0,0,73,53,2,159,123,117,4,35,31,4,4,normal
138129088,8411610,102732,43011,3,7,3,1,0,0,0,78,74,0,196,143,138,1,23,22,0,0,normal
-4171644682,9194533,92887,35583,0,4,3,1,0,0,0,78,66,6,154,92,109,1,19,17,1,1,httpFlood
38224496,3087907,30008,11217,0,0,0,0,0,0,0,261,258,1,422,403,370,2,20,19,1,1,normal
106703199,6965727,122587,49855,1,1,0,0,0,0,0,132,125,2,190,131,120,1,20,19,1,1,httpFlood
121312845,7376937,49114,17846,0,0,0,0,0,0,0,59,62,1,165,85,123,2,36,34,2,2,normal
62515412,4889453,47794,20443,0,8,6,2,0,0,0,62,54,1,190,90,181,1,85,84,1,1,normal
139439070,7749444,102767,34437,0,0,0,0,0,0,0,80,73,5,256,134,193,0,90,90,0,0,normal
102673738,10724506,78195,37362,0,0,0,0,0,0,0,57,50,4,233,123,179,6,96,90,6,6,normal
87129277,7080340,65408,28295,0,0,0,0,0,0,0,73,69,0,222,94,185,1,92,90,2,3,normal
120131364,7760474,90404,38786,1,1,0,0,0,0,0,77,74,2,228,97,214,3,107,104,3,2,normal
89336075,13122318,67079,40795,0,8,6,2,0,0,0,504,501,5,740,625,681,6,129,124,6,6,normal
100441844,18410296,75625,41793,1,1,0,0,0,0,0,206,199,0,375,220,338,3,98,95,2,2,normal
100397812,15167756,73696,35569,2,2,0,0,0,0,0,294,289,3,430,347,412,4,90,85,5,5,normal
35063234,5650199,27644,16707,0,0,0,0,0,0,0,64,59,1,207,150,112,5,36,31,4,4,normal
137608601,25205972,101229,56325,1,5,3,1,0,0,0,79,72,5,198,170,131,3,21,18,3,3,httpFlood
87461197,18591821,66172,36050,0,4,3,1,0,0,0,68,60,5,132,92,112,3,22,19,3,3,httpFlood
35186679,8626415,28388,17970,0,0,0,0,0,0,0,66,59,8,180,128,121,5,29,23,6,6,normal
113472304,19810529,84821,62401,0,0,0,0,0,0,0,74,72,2,247,192,131,5,24,20,5,5,normal
102203760,24808168,78349,38969,0,0,0,0,0,0,0,60,55,4,165,136,115,4,24,20,3,3,normal
91437062,15468964,69895,43109,1,9,6,2,0,0,0,73,64,2,210,157,119,1,19,22,1,1,normal
116588864,17066422,85854,55547,1,1,0,0,0,0,0,88,79,7,180,144,129,0,19,15,0,0,httpFlood
135504137,13407411,101675,64073,1,1,0,0,0,0,0,308,301,5,429,409,361,2,17,15,2,2,httpFlood
61526334,5682674,45557,30404,2,2,0,0,0,0,0,79,69,2,196,144,115,0,12,12,0,0,normal
106127443,6497034,77255,33709,1,1,0,0,0,0,0,67,54,3,190,161,126,2,21,19,2,2,httpFlood
31675262,5227095,26245,13537,0,8,6,2,0,0,0,67,61,5,259,207,107,1,19,18,1,1,httpFlood
135144141,17071987,99635,47439,1,1,0,0,0,0,0,81,74,3,232,196,134,0,27,32,0,0,normal
104906462,16955506,77822,40528,3,3,0,0,0,0,0,64,57,4,126,90,108,5,26,16,5,5,normal
34435758,3558780,26066,12880,1,1,0,0,0,0,0,61,58,2,175,130,117,4,21,17,4,5,httpFlood
115730853,9680534,85108,52684,1,5,3,1,0,0,0,71,72,0,191,135,134,5,23,18,5,4,normal
90269740,22552646,74150,25749,0,4,3,1,0,0,0,64,58,5,116,94,116,1,25,24,1,1,normal
82055289,8124498,61531,27086,0,0,0,0,0,0,0,1682,1725,0,1963,1930,2014,1,25,24,1,1,normal
86981962,10706745,74949,43824,0,0,0,0,0,0,0,3918,3967,3,4031,3966,4009,1,24,23,1,1,normal
94550056,9650195,75763,32244,2,2,0,0,0,0,0,3429,3370,1,3495,3449,3345,2,22,20,2,2,normal
60842165,6392661,48572,17052,2,7,3,1,0,0,0,444,393,1,438,357,307,0,16,16,0,1,normal
92900856,5906665,70050,22864,0,4,3,1,0,0,0,78,75,4,231,165,128,1,32,31,1,0,normal
42527647,7805514,34533,16585,0,0,0,0,0,0,0,60,49,6,156,80,112,4,24,19,5,5,normal
123979147,10679188,96431,37220,1,1,0,0,0,0,0,71,70,0,143,98,128,2,20,19,1,1,normal
81413447,8116599,64681,28338,3,5,0,0,0,0,0,57,54,2,169,119,104,3,23,18,3,3,httpFlood
23607553,7776405,20994,20454,0,8,6,2,0,0,0,67,61,4,137,102,124,1,23,24,1,1,normal
107101393,13808638,87974,39693,1,1,0,0,0,0,0,87,84,1,214,175,148,0,21,18,0,0,normal
50340416,15104001,61954,35317,0,0,0,0,0,0,0,308,301,3,396,343,339,2,26,24,2,2,normal
102392879,10627067,57588,23673,0,0,0,0,0,0,0,71,55,1,155,96,121,1,22,21,2,2,normal
55052799,5787988,43226,16173,1,4,3,1,0,0,0,73,70,0,145,101,128,1,33,32,0,0,normal
81502295,10197372,64337,28649,2,8,3,1,0,0,0,62,56,3,204,127,166,1,58,57,1,1,normal
63802925,5562303,49791,18940,0,0,0,0,0,0,0,69,65,4,162,90,133,3,52,49,3,3,normal
76061290,8644793,60285,24842,0,0,0,0,0,0,0,77,71,3,124,96,132,3,29,26,3,3,normal
80853391,8073944,62562,26201,1,1,0,0,0,0,0,52,48,2,132,78,103,4,19,15,4,4,httpFlood
51562452,2763766,38627,12647,0,4,3,1,0,0,0,73,71,2,200,107,109,0,10,10,0,0,normal
79684579,5988660,59151,20076,1,6,3,1,0,0,0,63,55,3,265,192,130,1,16,15,1,1,normal
50892906,5339373,40458,16422,0,0,0,0,0,0,0,321,323,1,409,330,354,2,26,32,2,2,normal
81333212,6080302,60614,20615,0,0,0,0,0,0,0,80,70,2,179,106,158,2,60,51,1,1,normal
59927379,5516651,45114,15877,0,0,0,0,0,0,0,62,59,1,192,78,155,2,81,79,2,2,normal
-4271036481,3223584,18969,8321,0,8,6,2,0,0,0,69,62,1,235,105,198,1,99,96,1,1,normal
103726173,7949544,77800,29478,1,1,0,0,0,0,0,81,72,5,224,100,210,0,100,100,0,0,normal
53446191,3902408,39995,13764,0,0,0,0,0,0,0,64,64,4,253,132,195,11,106,95,11,11,normal
63511213,3800202,64901,19775,2,2,0,0,0,0,0,64,54,1,240,127,192,3,107,103,3,3,normal
54242651,3190113,22436,9780,1,1,0,1,0,0,0,74,72,1,291,131,247,2,118,116,2,3,normal
106109518,8640899,79507,26509,1,9,6,1,0,0,0,520,518,5,721,603,662,6,100,94,6,5,normal
42557260,2476288,31610,10142,0,0,0,0,0,0,0,218,204,0,375,265,321,3,93,90,3,4,normal
67004781,3840833,49054,16861,0,0,0,0,0,0,0,296,284,1,382,321,356,4,45,46,4,3,normal
103579934,15376769,77715,31241,0,0,0,0,0,0,0,58,50,1,122,89,108,4,27,16,5,5,normal
72713200,25800154,58207,32352,2,6,3,2,0,0,0,81,70,1,153,119,122,4,17,13,4,4,normal
72781114,3083502,52899,15224,8,13,3,0,0,0,0,82,78,5,206,160,139,8,28,20,8,8,normal
58547904,4948503,45486,16191,1,2,0,0,0,0,0,70,50,6,173,130,116,7,26,19,7,7,normal
91607777,14542812,68455,28261,0,0,0,0,0,0,0,86,70,0,200,144,126,4,24,20,3,3,normal
47384349,4047752,35031,12949,0,0,0,0,0,0,0,67,55,2,126,87,108,3,25,22,3,3,normal
79527702,4114966,60065,20244,1,9,6,2,0,0,0,70,62,4,190,141,121,1,26,25,1,1,normal
106467781,6630933,79812,28428,1,1,0,0,0,0,0,98,85,1,169,119,144,0,21,21,0,0,normal
61463095,5457150,46411,18020,0,0,0,0,0,0,0,307,298,1,380,333,353,2,26,27,2,2,normal
45460198,2279875,33249,10285,3,6,0,0,0,0,0,77,60,1,143,107,114,4,26,19,4,4,normal
42404126,3813824,32025,11856,0,0,0,0,0,0,0,87,73,0,175,116,138,4,25,21,4,4,normal
90019213,4962003,66845,23304,0,8,6,2,0,0,0,60,50,3,116,84,103,1,19,18,1,1,httpFlood
57584993,3719869,43256,14383,0,0,0,0,0,0,0,79,68,4,216,153,115,0,19,19,2,2,httpFlood
45984268,4034225,35113,12961,0,0,0,0,0,0,0,76,74,3,164,112,137,5,31,26,3,3,normal
50943368,4658526,38893,15843,1,2,0,0,0,0,0,68,48,2,126,89,96,4,21,17,4,4,httpFlood
141543531,7080230,103265,27133,0,4,3,1,0,0,0,85,71,2,187,144,128,0,20,20,0,0,httpFlood
61802280,3328864,45354,14524,2,7,3,1,0,0,0,1728,1786,5,1938,1939,2021,1,15,14,1,1,normal
62655093,7524022,75932,33435,0,0,0,0,0,0,0,3218,3206,1,3332,3299,3307,6,29,23,6,6,normal
107976681,4539774,61153,19388,1,1,0,0,0,0,0,3218,3211,0,3263,3255,3277,2,20,23,2,2,httpFlood
43237421,3980415,32021,11556,1,1,0,0,0,0,0,1358,1277,1,1253,1131,1088,2,20,14,2,2,normal
47771438,3890051,35785,11820,0,8,6,2,0,0,0,66,56,1,141,102,115,1,19,17,1,1,normal
43820808,19980490,35343,22964,1,2,0,0,0,0,0,83,70,5,181,140,127,0,25,25,0,0,normal
116999040,11820544,92702,41099,1,0,0,0,0,0,0,67,56,4,142,92,113,5,25,20,5,5,normal
65438652,5572589,51924,20369,2,2,0,0,0,0,0,80,66,1,163,100,119,3,26,23,3,3,normal
83710891,6581406,64817,25168,0,1,0,0,0,0,0,81,72,1,167,107,136,1,28,27,1,1,normal
177320996,13076749,135382,43986,1,8,6,2,0,0,0,62,49,5,132,89,102,1,20,19,1,1,httpFlood
74266786,3822757,55796,15848,0,0,0,0,0,0,0,91,88,0,192,158,137,0,21,21,0,0,normal
90123917,3891686,66162,17906,0,0,0,0,0,0,0,307,290,3,438,381,357,2,26,24,2,2,normal
90367056,5970013,67151,20779,0,0,0,0,0,0,0,68,65,1,183,89,126,3,35,33,2,2,normal
195898236,10755257,142425,40770,2,7,3,1,0,0,0,76,76,1,181,108,176,0,61,61,0,0,normal
79644006,7240774,59972,22905,2,6,3,1,0,0,0,68,59,3,156,90,144,1,54,53,1,1,normal
81701223,8096287,62235,24502,3,4,0,0,0,0,0,65,58,6,142,96,121,3,32,29,3,3,normal
76257467,11017974,121816,47189,3,4,0,0,0,0,0,70,67,0,142,97,121,2,15,12,3,3,normal
114456307,9215050,24337,10380,0,0,0,0,0,0,0,64,64,2,125,93,110,4,27,24,3,3,normal
71922077,7516676,56338,22044,0,8,6,2,0,0,0,70,62,4,249,207,125,1,17,16,1,1,httpFlood
114311135,12708071,110381,38476,0,0,0,0,0,0,0,89,84,1,188,147,146,1,18,18,0,0,normal
94658382,5490876,47056,17311,4,4,0,0,0,0,0,300,297,1,450,364,365,2,43,51,3,3,normal
90336809,6792014,66380,20401,1,1,0,0,0,0,0,64,60,3,281,164,184,2,87,92,1,1,normal
122786087,7980901,89326,30890,1,1,0,1,0,0,0,75,73,0,228,97,198,1,99,98,1,1,normal
116803135,9577362,86995,31641,0,8,6,1,0,0,0,59,54,3,237,121,189,1,111,93,1,1,normal
79620191,5156664,58514,17552,1,1,0,0,0,0,0,73,66,4,221,94,184,0,91,90,2,2,normal
121944428,5797796,88995,24910,0,0,0,0,0,0,0,68,74,3,256,139,207,5,109,105,3,3,normal
85017091,5832785,65023,20728,2,2,0,0,0,0,0,62,48,2,204,82,195,4,104,100,4,4,normal
-4139428616,25113196,116055,45095,2,6,3,1,0,0,0,78,71,0,233,107,215,0,95,95,0,0,normal
72286083,4510588,53614,17001,1,5,3,1,0,0,0,492,485,5,644,557,629,7,90,83,7,7,normal
109503250,8011619,81397,26584,2,2,0,0,0,0,0,447,439,1,529,480,494,3,36,33,4,4,normal
69855999,3889898,52128,14124,0,0,0,0,0,0,0,79,77,2,166,117,133,4,30,30,3,3,normal
102922676,6086147,76136,26897,2,3,0,0,0,0,0,59,55,1,136,101,105,4,19,16,4,4,normal
30796564,2499604,23514,9099,3,11,6,2,0,0,0,61,58,1,133,108,124,4,23,14,4,4,normal
107553796,5153153,79130,32495,0,0,0,0,0,0,0,79,73,5,164,110,130,2,28,26,2,2,normal
96751583,5836400,72289,13311,0,0,0,0,0,0,0,63,58,4,197,149,120,8,25,17,8,8,normal
61000331,5101736,45700,16995,1,1,0,0,0,0,0,62,61,2,132,94,111,5,23,18,5,6,httpFlood
107810989,10742828,81467,32660,0,0,2,1,0,0,0,75,72,0,130,94,123,1,21,20,1,0,normal
119033188,13706856,90248,44191,2,11,4,1,0,0,0,62,55,5,169,125,120,1,26,25,1,1,normal
68927375,5339440,51252,19805,0,0,0,0,0,0,0,112,109,0,184,139,184,0,18,17,1,1,normal
90361183,6747945,65911,25970,0,0,0,0,0,0,0,285,277,6,350,318,321,2,30,29,1,1,normal
49090004,4673323,37659,13112,2,2,0,0,0,0,0,71,57,1,141,85,100,2,23,21,2,2,normal
112105908,8328770,83358,28766,0,4,3,1,0,0,0,77,71,1,147,109,125,0,17,17,0,0,normal
107727835,8883780,79700,31233,1,5,3,1,0,0,0,62,56,3,106,77,104,1,13,12,1,1,normal
41090041,3393089,31471,11568,1,1,0,0,0,0,0,68,59,8,173,97,106,3,18,15,4,4,httpFlood
85428937,5843436,99734,31799,0,0,0,0,0,0,0,79,73,2,188,141,134,3,20,17,2,2,httpFlood
121371283,12248403,80735,30238,0,0,0,0,0,0,0,61,62,4,129,87,106,3,17,14,3,3,httpFlood
73078232,17192852,62104,30821,1,9,6,2,0,0,0,2131,2163,6,2366,2363,2415,1,20,19,1,1,httpFlood
128190560,5625754,73348,30160,0,0,0,0,0,0,0,2478,2426,3,2359,2290,2281,0,13,15,0,0,normal
104061344,7523166,80090,30667,0,0,0,0,0,0,0,2300,2357,3,2542,2535,2614,2,22,18,2,2,httpFlood
67265192,9588320,49848,23477,1,1,0,0,0,0,0,2531,2457,5,2435,2347,2308,1,24,23,1,1,normal
137876533,10459840,101874,39616,0,0,0,0,0,0,0,78,73,3,193,103,130,1,23,22,1,1,normal
105847393,9476929,80072,32496,3,11,6,2,0,0,0,58,50,6,199,161,119,1,24,23,1,1,normal
132599945,8948889,94034,37395,1,1,0,0,0,0,0,75,69,4,187,133,114,0,12,11,0,0,normal
128760990,11002043,93114,54557,1,2,0,0,0,0,0,64,56,5,186,163,117,5,25,22,5,5,normal
37410219,3509973,30667,14875,1,1,0,0,0,0,0,66,61,4,183,90,124,4,31,25,4,4,normal
163757889,14312721,124307,49173,1,5,3,1,0,0,0,75,75,0,178,140,130,0,21,21,0,0,normal
111259662,7905092,81624,27868,1,6,3,1,0,0,0,69,56,5,130,89,109,1,25,23,1,1,normal
50915237,5191353,37981,35523,0,0,0,0,0,0,0,268,288,1,433,384,380,1,30,28,1,1,normal
105951604,8855577,77285,8153,0,0,0,0,0,0,0,130,92,2,194,136,142,1,38,37,1,1,normal
118787327,11520067,88703,35620,0,0,0,0,0,0,0,61,57,1,159,91,136,2,50,48,2,2,normal
67898717,5413832,50506,17530,1,9,6,2,0,0,0,66,61,1,181,130,152,1,53,52,1,1,normal
119365132,8674476,86241,29144,0,0,0,0,0,0,0,80,72,6,134,97,120,0,24,25,0,0,normal
106064980,9242231,80330,33024,2,2,0,0,0,0,0,58,52,4,115,84,112,5,24,20,5,5,normal
80374589,10629953,61496,27650,0,0,0,0,0,0,0,72,68,1,112,95,114,2,19,15,3,3,normal
114557156,11276269,85811,37292,0,0,0,0,0,0,0,65,62,1,165,141,121,2,15,13,1,1,normal
45224725,5500743,35162,17070,1,10,6,2,0,0,0,61,55,5,174,120,100,1,12,11,1,1,normal
134227381,14021379,101231,42114,0,0,0,0,0,0,0,98,96,0,198,116,165,1,48,46,0,0,normal
134314791,12729129,98214,39930,0,0,0,0,0,0,0,291,288,1,416,310,405,3,84,80,3,3,normal
32225045,4448465,25318,14108,0,0,0,0,0,0,0,61,57,3,198,95,186,2,108,106,2,2,normal
113482301,7192862,125154,39551,0,4,3,1,0,0,0,74,71,1,230,104,219,0,98,98,0,0,normal
120733862,12031263,72564,28747,1,6,3,1,0,0,0,66,66,3,219,88,195,1,100,98,1,1,normal
66090650,4416637,26414,11660,1,0,0,0,0,0,0,73,57,6,313,164,212,3,124,121,3,3,normal
-4178871234,8987855,85662,35499,0,0,0,0,0,0,0,72,69,0,256,138,203,2,103,101,3,3,normal
91849148,7571865,70047,30525,1,1,0,0,0,0,0,58,53,2,235,140,190,4,103,99,3,3,normal
85088144,6047798,62782,23479,0,8,6,2,0,0,0,71,69,2,231,138,195,2,86,84,2,2,normal
97528191,9490277,74265,30815,2,2,0,0,0,0,0,487,482,3,566,521,555,5,38,33,5,5,normal
108241920,10329123,82149,34441,1,1,0,0,0,0,0,456,450,1,527,482,502,5,24,19,5,5,normal
72555454,6999651,55311,24481,0,0,0,0,0,0,0,75,70,2,172,130,123,2,27,25,3,3,normal
111930936,12152174,90217,39794,1,1,0,0,0,0,0,57,54,1,130,97,130,5,23,18,4,4,normal
47818223,6091447,30785,15828,0,8,6,2,0,0,0,69,62,3,186,131,115,3,24,20,3,3,normal
128716561,7340832,96074,33201,0,0,0,0,0,0,0,84,78,3,151,102,120,3,23,19,3,3,httpFlood
124202125,9529480,90645,33224,0,0,0,0,0,0,0,62,56,4,121,84,110,7,25,18,7,8,normal
39157006,10487522,30992,16891,0,0,0,0,0,0,0,61,58,2,138,95,117,6,23,17,6,5,httpFlood
130743781,14184452,99298,53682,1,5,3,1,0,0,0,72,74,0,210,183,134,0,23,23,0,0,normal
165356701,15963175,122526,41488,1,5,3,1,0,0,0,64,58,5,187,148,116,1,17,16,1,1,httpFlood
41323543,3587584,30973,12860,1,1,0,0,0,0,0,109,129,1,273,283,306,1,22,20,1,1,normal
116536417,7648757,85670,31880,0,0,0,0,0,0,0,298,261,0,273,192,178,1,22,20,1,1,normal
998225958,57392010,769135,269421,1,9,6,2,0,0,0,58,95,2,330,140,219,13,76,69,6,7,normal
579317361,38663368,459312,183333,5,5,0,0,0,0,0,74,104,1,372,171,236,16,108,119,9,8,normal
443900705,39737098,363229,152341,1,1,0,0,0,0,0,75,92,6,327,114,241,14,129,100,10,10,normal
490137392,43015267,404631,185763,3,3,0,0,0,0,0,57,80,2,315,96,218,16,109,100,8,8,normal
773742517,71359340,638657,309402,2,6,3,1,0,0,0,110,134,1,455,157,307,16,118,108,10,10,normal
-3701826067,49931958,484436,228726,7,12,3,1,0,0,0,284,313,1,692,402,480,12,125,121,4,4,normal
566976011,42027681,458906,193972,0,0,0,0,0,0,0,52,79,0,376,161,230,8,112,110,2,2,normal
1090027030,83443173,897128,375936,3,3,0,0,0,0,0,82,105,2,308,111,235,9,101,99,2,2,normal
533042780,42705276,434377,185979,2,2,0,0,0,0,0,79,101,5,289,114,202,7,66,65,1,1,normal
531583833,-4210761630,449642,224980,7,18,6,2,0,0,0,62,91,2,271,141,178,9,40,37,3,3,normal
1077104957,79710053,868069,451815,5,7,0,0,0,0,0,93,123,3,336,165,176,9,25,23,2,2,normal
-3687892760,56977268,498977,186084,4,4,0,0,0,0,0,70,90,6,326,172,160,10,28,24,3,3,normal
738896486,57652987,603733,276479,7,8,0,0,0,0,0,2439,2499,0,2757,2691,2787,7,22,21,1,1,normal
671529325,60461495,549548,252354,6,10,3,1,0,0,0,2673,2663,3,2709,2506,2513,9,33,31,2,2,normal
486911489,41326175,393105,190006,2,6,3,1,0,0,0,309,334,1,527,377,397,7,25,29,0,0,normal
672338449,51501211,516286,226419,3,3,0,0,0,0,0,57,82,0,240,100,132,7,26,21,1,1,normal
967219618,88518485,738178,377042,2,2,0,0,0,0,0,81,108,3,322,154,175,8,25,23,2,2,normal
-3620052240,62395105,514765,267858,5,6,0,0,0,0,0,65,90,4,363,190,168,8,35,38,1,1,normal
601594411,53819782,469366,227827,2,5,3,1,0,0,0,69,85,5,248,118,149,7,26,20,2,2,normal
387732776,42418914,525106,257767,1,5,3,1,0,0,0,83,93,6,303,158,159,10,25,23,3,3,normal
335272081,35213818,374523,168929,5,5,0,0,0,0,0,58,70,9,232,91,153,10,37,33,3,3,normal
639253722,56667776,211333,98019,5,6,0,0,0,0,0,74,91,3,299,140,157,8,37,35,1,1,normal
579066858,52184826,465223,219856,3,2,0,0,0,0,0,79,100,2,349,160,181,7,38,37,1,1,normal
998420266,74019265,781172,340975,0,8,6,2,0,0,0,308,329,4,593,371,400,8,38,37,1,1,normal
-3817856861,44704545,385594,196564,2,2,0,0,0,0,0,77,97,4,255,116,171,7,37,36,1,1,normal
400799554,34329374,320216,168086,1,2,0,0,0,0,0,1366,1412,3,1704,1615,1669,8,32,31,1,1,normal
427408926,41851146,354135,188556,2,2,0,0,0,0,0,2888,2917,7,3054,2898,2964,7,26,25,1,1,normal
718343827,68755877,590195,296000,2,6,3,1,0,0,0,905,873,4,987,790,766,9,30,28,2,2,normal
532039690,50746964,423100,207560,4,8,3,1,0,0,0,77,98,5,301,138,181,9,32,29,3,3,normal
365547800,43259858,298752,149428,3,3,0,0,0,0,0,61,73,6,239,124,136,10,29,27,3,3,normal
685806018,68159146,546291,341393,5,5,0,0,0,0,0,93,116,1,495,162,168,8,29,26,2,2,normal
661338984,60625030,522169,159982,1,1,0,0,0,0,0,67,90,2,282,103,164,11,29,25,4,4,normal
-3867013903,48002403,340985,290831,6,10,3,1,0,0,0,253,277,2,483,356,403,9,30,27,4,4,normal
792604025,78071935,630113,165538,6,14,3,1,0,0,0,131,157,0,304,155,175,13,41,35,6,6,normal
562313197,60847817,453988,212850,6,6,0,0,0,0,0,544,572,1,846,659,676,12,45,40,4,4,normal
494802350,57520138,411221,192750,4,4,0,0,0,0,0,155,173,5,353,186,226,9,33,30,3,3,normal
767975499,108989877,622848,323146,4,8,3,1,0,0,0,88,110,2,350,176,194,12,43,38,5,5,normal
431857346,91531674,368632,220045,1,5,3,1,0,0,0,69,91,3,369,167,206,11,71,66,5,6,normal
461030429,65124203,380162,186831,2,2,0,0,0,0,0,67,90,3,377,132,198,12,79,74,5,4,normal
-3623728971,76782757,540825,261488,4,5,0,0,0,0,0,84,97,4,353,164,200,7,64,62,2,2,normal
84664100,61459817,404290,211051,4,4,0,0,0,0,0,61,80,2,293,156,150,10,31,34,1,1,normal
915908342,63120958,416126,204667,3,8,3,1,0,0,0,116,139,1,348,184,256,7,27,21,1,1,normal
441015334,58222696,353501,305838,3,7,3,1,0,0,0,286,311,1,468,290,325,6,34,34,0,0,normal
424404188,47302877,335539,37073,3,4,0,0,0,0,0,55,77,0,270,93,144,9,33,30,2,2,normal
930358146,111847946,744281,349727,5,7,0,0,0,0,0,73,85,2,352,216,150,7,23,22,1,1,normal
380674996,49844928,310572,163979,2,2,0,0,0,0,0,82,99,5,361,185,188,11,61,77,4,4,normal
475884011,45572677,374930,191235,2,10,6,2,0,0,0,53,66,4,406,144,231,15,125,97,8,8,normal
-3218527682,112914887,856535,440328,1,1,0,0,0,0,0,80,105,2,346,108,231,11,99,94,6,6,normal
425388310,41833547,345492,163063,3,3,0,0,0,0,0,79,104,6,372,117,242,18,108,97,10,11,normal
548003413,48604932,443021,213925,2,2,0,0,0,0,0,50,83,0,314,93,239,17,110,99,11,10,normal
960264752,107172719,862932,432249,5,9,3,1,0,0,0,94,124,3,381,141,298,15,128,119,10,10,normal
730592274,56599924,477022,252001,7,11,3,1,0,0,0,311,337,1,620,351,495,12,124,118,4,4,normal
527464372,47367153,412549,199165,10,12,0,0,0,0,0,49,78,0,302,90,226,9,108,105,3,3,normal
-3443560141,72730945,669993,343704,3,3,0,0,0,0,0,82,106,2,336,118,242,9,104,102,2,2,normal
582649668,49683951,458163,221962,7,8,0,0,0,0,0,71,97,4,433,204,202,7,59,63,1,1,normal
724618565,47354316,554370,240587,0,4,3,1,0,0,0,70,105,2,312,156,233,9,97,83,2,2,normal
1074073504,69261239,811472,335608,4,8,3,1,0,0,0,83,109,4,356,119,232,9,86,80,3,3,normal
779445308,49444854,590345,238274,2,2,0,0,0,0,0,60,86,6,231,95,167,10,34,26,3,3,normal
894589778,66452495,687440,301003,1,1,0,0,0,0,0,2108,2179,0,2396,2311,2437,9,22,21,1,1,normal
-4056471908,67567989,444912,212122,3,3,0,0,0,0,0,2848,2853,2,3114,2898,2849,7,24,23,2,2,normal
942449663,56342656,487644,218174,3,11,6,2,0,0,0,483,478,2,676,397,394,7,31,30,0,0,normal
555161803,47805057,437496,189484,1,1,0,0,0,0,0,79,106,0,308,108,153,8,26,25,1,1,normal
425007109,41417104,338007,148717,6,6,0,0,0,0,0,81,102,3,286,122,175,7,25,24,1,1,normal
556825870,57218959,443248,201573,3,4,0,0,0,0,0,46,73,4,271,86,140,8,25,24,1,1,normal
931458909,79435126,731566,316926,4,10,3,1,0,0,0,77,97,1,318,166,161,8,27,25,3,3,normal
442941994,32154484,348202,153511,5,8,3,1,0,0,0,80,102,4,281,133,166,10,27,24,2,2,normal
-3723156900,42308173,449516,189842,3,4,0,0,0,0,0,57,72,6,246,126,148,9,36,32,3,3,normal
861874625,97352267,696402,331618,5,5,0,0,0,0,0,77,100,1,283,111,167,9,28,26,2,2,normal
425028376,95493573,358780,194452,0,0,0,0,0,0,0,75,104,2,294,109,160,8,32,34,1,1,normal
766492887,172918409,645577,359807,2,11,6,2,0,0,0,303,328,2,490,339,406,7,40,36,1,1,normal
676829385,72212372,548479,240052,2,2,0,0,0,0,0,587,663,0,1007,863,961,8,34,33,1,1,normal
425626366,45353733,347056,151594,5,5,0,0,0,0,0,2937,2956,1,3167,2990,3023,7,35,34,1,1,normal
648546055,64478081,518613,239930,2,2,0,0,0,0,0,1645,1612,5,1656,1449,1463,8,35,34,1,1,normal
-3599957004,68541590,553432,279960,3,7,3,1,0,0,0,81,107,1,281,119,177,8,33,31,2,2,normal
647293508,58394140,504804,161212,6,10,3,1,0,0,0,74,104,4,803,120,190,10,40,37,3,3,normal
844376615,84488507,652507,263503,5,5,0,0,0,0,0,70,99,4,306,95,166,9,35,32,3,3,normal
1058172669,-4202283082,795443,416140,2,3,0,0,0,0,0,92,125,4,293,128,182,9,27,25,2,2,normal
724592883,70818696,571754,259212,0,0,0,0,0,0,0,65,90,2,232,94,152,8,28,26,2,2,normal
-3607284124,57344472,540697,209429,2,6,3,1,0,0,0,217,268,2,520,319,351,11,21,21,4,4,httpFlood
763043839,172770672,602561,329847,4,9,3,1,0,0,0,216,267,0,508,360,416,12,31,21,6,7,normal
785419013,221340632,618007,373424,6,8,0,0,0,0,0,527,534,1,743,521,514,11,26,22,4,3,normal
638381704,192559308,503357,324245,4,3,0,0,0,0,0,134,149,4,306,137,196,10,37,33,4,4,normal
801812362,251470667,627189,396241,2,2,0,0,0,0,0,76,116,2,326,155,196,10,44,40,4,4,normal
306425765,261397954,718623,420843,1,9,6,2,0,0,0,60,84,4,269,95,205,13,72,75,6,6,normal
-2963657316,184365298,549013,307016,3,4,0,0,0,0,0,77,105,1,319,112,200,12,86,72,5,5,normal
403172384,121078914,314984,211528,1,1,0,0,0,0,0,79,99,6,257,107,189,8,45,43,2,2,normal
611816368,201748686,484432,307875,2,2,0,0,0,0,0,49,79,2,314,145,143,9,23,22,1,1,normal
1076593522,346363453,847846,538279,3,7,3,1,0,0,0,97,125,1,267,152,204,8,24,21,2,2,normal
714084770,218832603,559487,348913,1,6,3,1,0,0,0,313,338,1,497,324,386,7,30,30,0,0,normal
652345017,200878030,513685,323654,9,10,0,0,0,0,0,48,73,0,216,87,125,7,24,23,1,1,normal
-3340932913,183909899,752157,382113,1,1,0,0,0,0,0,87,105,2,317,113,194,8,52,50,2,2,normal
597164037,55432827,476432,229549,4,5,0,0,0,0,0,71,97,4,313,109,220,11,85,100,4,4,normal
642024833,76308444,498574,221406,2,10,6,2,0,0,0,53,81,2,425,94,244,14,125,98,8,8,normal
836769490,113660648,669852,363700,0,0,0,0,0,0,0,87,111,4,366,159,231,12,92,87,5,6,normal
730364560,59582140,582801,212380,1,1,0,0,0,0,0,67,86,6,356,110,228,19,103,91,12,11,normal
460901442,43850473,367188,170119,4,5,0,0,0,0,0,53,81,0,326,90,233,14,120,112,9,9,normal
-3564152455,65332005,588123,284692,2,6,3,1,0,0,0,88,114,3,377,170,273,18,127,116,10,10,normal
776304551,59029434,602167,277782,1,6,3,1,0,0,0,312,335,1,671,351,475,10,101,106,5,5,normal
588888325,57305994,462407,201862,3,3,0,0,0,0,0,59,95,0,283,93,218,10,105,93,2,2,normal
1005393087,115489077,788338,335868,7,7,0,0,0,0,0,76,100,2,377,147,204,8,51,48,2,2,normal
402661389,73909119,664142,307606,7,8,0,0,0,0,0,60,92,4,251,105,174,8,34,33,1,1,normal
-3079133201,84300984,601809,261943,2,7,3,1,0,0,0,83,116,1,256,111,170,8,27,25,2,3,normal
445041388,27881527,340030,305224,6,11,3,1,0,0,0,87,114,4,266,166,179,9,24,22,2,2,normal
971088373,61827261,744953,274584,1,1,0,0,0,0,0,62,92,6,219,125,153,10,35,31,4,3,normal
1080690707,71474960,824055,196010,5,5,0,0,0,0,0,1793,1880,1,2119,2070,2169,8,28,28,1,1,normal
879443828,49350627,655521,268978,3,4,0,0,0,0,0,2891,2949,3,3046,2904,2954,7,33,31,1,1,normal
-2790518594,81409407,1098954,414566,5,13,6,2,0,0,0,752,717,3,706,618,636,8,22,21,1,1,httpFlood
1506456859,69728588,1089333,362473,2,2,0,0,0,0,0,86,135,0,206,109,184,7,23,22,1,1,normal
936708630,50949819,691008,228709,0,1,0,0,0,0,0,77,122,1,208,114,172,8,22,21,1,1,normal
-2859760236,66403459,1042613,332801,2,1,0,0,0,0,0,61,97,5,225,84,149,7,21,20,1,1,httpFlood
1156719088,53781144,843797,384838,5,9,3,1,0,0,0,83,128,1,265,136,186,9,23,23,2,2,normal
1389352905,59791002,1016884,212015,4,8,3,1,0,0,0,78,122,3,238,141,195,9,35,30,3,3,normal
1399414675,60796883,1019634,320537,1,1,0,0,0,0,0,59,102,7,170,83,167,10,26,23,3,3,normal
-3086648616,48002862,875181,270423,3,3,0,0,0,0,0,84,126,1,221,121,181,8,25,23,2,2,normal
1053370506,58461653,786420,299943,7,8,0,0,0,0,0,60,85,2,209,96,146,7,22,21,1,1,normal
896969182,-4228959201,683900,290660,2,6,3,1,0,0,0,254,291,3,477,334,374,8,33,32,1,1,normal
916368272,64447429,697039,286292,1,5,3,1,0,0,0,2270,2334,1,2695,2527,2593,7,33,32,1,1,normal
-3399098117,49212684,675258,308982,5,5,0,0,0,0,0,2834,2854,1,2973,2799,2790,8,31,30,1,1,normal
878634135,54153857,658210,266028,2,2,0,0,0,0,0,159,171,4,270,91,157,7,25,24,1,1,normal
689689678,40867275,900750,311985,2,3,0,0,0,0,0,76,110,2,283,122,183,8,32,31,2,2,normal
699195093,35981362,135723,49605,7,16,6,2,0,0,0,64,93,4,261,104,180,10,36,35,3,3,normal
1366568384,101353909,1047185,437056,1,1,0,0,0,0,0,75,118,2,194,103,169,10,33,27,3,3,normal
-3447791063,51536852,636429,258477,4,5,0,0,0,0,0,92,117,8,362,205,189,7,29,28,1,1,normal
514025667,30860564,386897,152155,6,6,0,0,0,0,0,56,77,6,324,125,161,10,35,32,3,3,normal
1422207640,82738503,1074903,412636,2,6,3,1,0,0,0,98,149,3,386,192,208,11,28,23,5,5,normal
610510297,33159075,461644,178210,1,6,3,1,0,0,0,311,328,3,529,368,395,10,27,24,4,4,normal
932458478,59654380,706561,283458,2,2,0,0,0,0,0,510,547,0,683,596,628,12,34,28,6,6,normal
-3260858150,71115414,784500,329600,6,6,0,0,0,0,0,197,218,4,364,220,289,12,39,33,4,4,normal
552831543,40798922,423168,177765,3,3,0,0,0,0,0,81,104,9,245,121,191,10,52,49,3,3,normal
587722873,36343363,450439,184055,7,15,6,2,0,0,0,54,78,4,261,100,199,13,80,91,7,7,normal
1019396342,70071618,1057907,492390,70,72,1,1,0,0,0,92,115,6,366,193,287,10,66,45,3,3,normal
974000286,61116945,464119,181364,49,57,0,0,1,0,0,78,102,8,333,243,254,10,33,29,4,4,normal
-3563229910,51610889,564871,240087,56,48,0,0,1,0,0,52,79,2,244,159,164,8,24,23,1,1,normal
893114879,70212126,695048,315956,27,33,3,1,1,0,0,97,111,3,231,158,202,9,27,25,2,2,normal
582278723,49787935,473073,229505,16,19,3,1,0,0,0,307,331,1,617,438,413,6,28,26,0,0,normal
465166028,38675873,370642,172994,14,16,0,0,0,0,0,60,80,1,339,168,149,8,32,31,1,1,normal
857240680,91228819,691043,320364,13,13,0,0,0,0,0,78,104,3,306,133,232,8,94,92,2,2,normal
743806986,63479290,587031,269761,18,29,14,1,1,0,0,97,92,28,365,159,293,10,116,113,3,3,normal
-3820923202,40244376,379157,166118,13,17,3,1,0,0,0,85,97,8,307,120,254,14,120,113,7,7,normal
813457547,72881157,649211,292571,5,10,3,1,1,0,0,77,102,5,294,126,244,11,102,97,6,6,normal
317015968,23804558,253877,226026,5,6,0,0,0,0,0,64,83,7,345,134,234,17,115,104,10,10,normal
786015779,63084083,622974,170344,7,7,0,0,0,0,0,75,95,0,297,114,254,16,123,114,9,9,normal
577716209,43441131,460953,290943,2,2,0,0,0,0,0,78,104,2,481,199,267,16,113,104,9,10,normal
842573503,85581812,678649,225895,0,8,6,2,0,0,0,298,333,2,532,349,470,12,112,120,6,6,normal
621189507,46737833,488606,211847,1,1,0,0,0,0,0,79,107,0,265,143,218,12,86,67,5,4,normal
-3551209264,46916126,570229,212242,8,8,0,0,1,0,0,82,104,2,217,117,173,8,21,20,1,1,httpFlood
728534184,58318229,565570,256882,2,3,0,0,0,0,0,54,73,5,178,92,135,7,28,27,1,1,normal
690193087,61998013,537644,259825,17,21,3,1,0,0,0,84,103,1,253,126,184,9,31,28,2,2,normal
514401637,56890729,416856,221018,9,13,3,1,0,0,0,78,94,5,221,136,172,10,25,21,3,3,normal
627172500,56521751,503330,253144,4,3,0,0,0,0,0,63,81,8,234,149,137,9,32,29,3,3,normal
512428429,56537299,426176,223396,3,4,0,0,0,0,0,1347,1396,1,1765,1646,1708,8,44,42,2,2,normal
-3637150411,76633206,538570,272909,10,10,0,0,0,0,0,2899,2977,2,3138,3045,3021,8,28,27,1,1,normal
808012969,79371721,647195,309151,1,10,6,2,0,0,0,1226,1176,3,1214,1055,1038,7,25,24,1,1,normal
548096905,52317803,451952,226343,5,5,0,0,0,0,0,90,115,0,441,166,186,8,29,28,1,1,normal
677004214,53606711,544158,247208,5,7,0,0,0,0,0,62,92,1,316,198,153,8,24,23,1,1,normal
530810159,57275279,647607,265044,8,8,0,0,0,0,0,67,85,5,224,114,147,7,26,28,1,1,normal
969657550,47302254,532045,222104,5,9,3,1,0,0,0,81,104,1,227,125,175,9,33,28,2,2,normal
-3484593094,73925128,641184,276287,2,6,3,1,0,0,0,61,88,2,275,164,166,9,27,24,3,3,normal
448168590,34586743,362257,148455,1,1,0,0,0,0,0,74,97,4,211,104,157,9,35,32,3,3,normal
495490926,37167793,670660,280100,8,10,0,0,0,0,0,84,105,5,208,122,179,8,32,31,2,2,normal
585913705,43861652,195778,75686,2,3,0,0,0,0,0,55,97,3,229,134,153,7,24,23,1,1,normal
922495060,71380298,736550,303975,4,9,3,1,0,0,0,1299,1356,1,1632,1566,1625,8,30,28,1,1,normal
421971045,36605739,352357,140912,4,8,3,1,0,0,0,2926,2959,1,3176,3060,3055,7,36,36,0,0,normal
465377109,51412884,389942,188683,1,1,0,0,0,0,0,1215,1192,0,1176,1067,1035,8,22,21,2,2,normal
-3413643682,108989584,726314,303865,7,8,0,0,0,0,0,77,97,2,269,151,162,8,28,26,1,1,normal
566644984,76039872,462647,206968,3,4,0,0,0,0,0,81,107,4,255,146,169,8,30,29,1,1,normal
411842798,52525154,340587,168831,4,12,6,2,0,0,0,46,65,2,213,96,134,10,30,26,4,4,normal
753201046,73286712,627846,291668,0,0,0,0,0,0,0,88,109,4,254,144,166,8,24,23,1,1,normal
524239199,44557740,424885,194240,6,6,0,0,0,0,0,93,105,6,250,133,182,9,32,29,3,3,normal
657093769,60748381,540291,228938,1,2,0,0,0,0,0,51,75,0,309,153,133,10,26,25,3,3,normal
481394835,48875975,392996,226773,7,11,3,1,0,0,0,92,114,3,261,141,190,10,41,35,4,4,normal
655023299,49269468,526678,177687,2,6,3,1,0,0,0,315,344,1,555,349,411,10,31,28,3,3,normal
-3836029410,39535499,367212,165555,8,8,0,0,0,0,0,310,351,0,538,429,519,13,41,35,8,8,normal
1132761576,74147455,855159,439448,5,7,0,0,0,0,0,364,396,2,630,394,418,15,67,59,6,6,normal
1461963401,90668558,1063752,621975,3,3,0,0,0,0,0,104,158,4,388,199,272,10,79,75,4,4,normal
1031961509,77752957,750878,436638,0,8,6,2,0,0,0,60,100,1,306,150,206,12,68,63,6,6,normal
-2621191917,99838080,1209527,701558,4,4,0,0,0,0,0,84,133,4,238,125,209,11,33,28,4,4,normal
1531538954,85301080,1107150,590506,5,6,0,0,0,0,0,73,124,7,244,143,197,9,36,33,3,3,normal
1072495839,65247933,780573,403581,1,2,0,0,0,0,0,66,111,0,196,129,168,8,30,29,1,1,normal
-2714133499,93996641,1157900,612124,1,0,3,1,0,0,0,92,122,3,311,162,191,9,33,33,2,2,normal
659164417,61705877,627623,230995,2,10,3,1,0,0,0,297,322,2,416,329,385,7,27,24,0,0,normal
563921692,32459295,343425,114126,7,7,0,0,0,0,0,70,96,0,234,106,194,7,62,61,1,1,normal
592947784,59557076,675846,210449,1,2,0,0,0,0,0,74,97,2,330,112,230,8,91,90,2,2,normal
801657002,36087444,415739,140349,5,4,0,0,0,0,0,54,86,4,271,88,230,7,114,113,1,1,normal
-3386067120,84190623,727143,258962,3,7,3,1,0,0,0,77,102,1,318,112,242,11,101,97,3,3,normal
550197245,47711562,431460,142457,6,11,3,1,0,0,0,85,110,3,309,125,252,8,103,101,2,2,normal
761154362,91841306,612313,221499,5,6,0,0,0,0,0,58,79,7,264,93,235,11,109,129,5,5,normal
845144980,-4214859847,679849,240364,3,3,0,0,0,0,0,82,105,1,317,133,253,11,132,103,5,5,normal
730763148,67881633,583378,204139,4,5,0,0,0,0,0,77,100,3,321,139,261,12,111,106,4,4,normal
612087553,71716611,586525,209345,1,9,6,2,0,0,0,302,332,2,450,342,447,11,85,80,5,5,normal
-3799393515,65156474,499087,206909,3,3,0,0,0,0,0,80,110,0,339,151,191,11,40,36,4,4,normal
726650250,52468659,380239,175717,6,6,0,0,0,0,0,71,94,1,311,190,167,11,30,25,5,5,normal
813041469,91470487,652945,299915,5,5,0,0,0,0,0,63,86,5,174,84,151,10,40,40,3,3,normal
693153684,70676784,552138,216296,0,4,3,1,0,0,0,83,105,1,233,126,173,8,35,30,2,2,normal
534126040,48740938,438954,182616,4,8,3,1,0,0,0,72,93,2,286,184,176,10,37,34,3,3,normal
593960114,69435757,480870,213334,6,8,0,0,0,0,0,61,85,5,319,128,206,9,83,80,3,3,normal
-3473094824,72576215,651156,257055,2,1,0,0,0,0,0,1100,1174,4,1368,1302,1410,9,42,40,2,2,normal
808100141,102101115,661364,272802,1,1,0,0,0,0,0,2778,2834,2,3045,2909,2978,9,84,81,3,3,normal
440300103,53673900,356270,151727,2,7,3,1,0,0,0,1382,1356,2,1437,1350,1357,14,24,17,7,7,normal
735441675,91736050,604785,265791,4,8,3,1,0,0,0,282,283,0,399,255,219,9,26,31,3,3,normal
241643425,18417076,192933,288129,3,3,0,0,0,0,0,61,82,0,242,163,151,8,38,29,1,1,normal
967180056,172104651,786244,163723,1,1,0,0,0,0,0,76,100,5,301,136,165,7,23,22,1,1,normal
566870544,71784959,463747,279888,3,4,0,0,0,0,0,76,102,2,264,115,151,8,21,20,1,1,httpFlood
440003769,57906719,363259,82268,2,10,6,2,0,0,0,47,69,2,227,131,157,10,31,29,4,4,normal
-3345868011,100596597,769362,310414,2,2,0,0,0,0,0,80,118,2,243,138,163,7,21,16,3,3,httpFlood
474453501,51871517,383556,169830,4,7,0,0,0,0,0,87,108,7,202,124,169,10,29,28,1,1,normal
552603435,74554757,452359,219047,1,1,0,0,0,0,0,232,336,1,565,562,644,7,34,33,1,1,normal
779662195,108373001,745315,347700,1,5,3,1,0,0,0,3045,3011,3,3166,3039,3053,9,35,33,2,2,normal
721378070,64015967,476619,206202,3,8,3,1,0,0,0,2128,2129,1,2194,1983,2000,6,34,34,0,0,normal
483854449,58227848,390849,172765,2,2,0,0,0,0,0,56,82,0,301,113,134,8,32,31,1,1,normal
-3500383678,102891008,650695,304578,1,2,0,0,0,0,0,84,104,2,283,153,168,8,31,29,2,2,normal
697739424,86917558,568535,262068,2,2,0,0,0,0,0,66,88,4,214,99,157,8,26,25,1,1,normal
646046892,82490923,521178,235697,3,10,6,2,0,0,0,58,83,1,232,94,147,9,28,25,4,4,normal
701492527,78447521,569585,260918,1,2,0,0,0,0,0,80,100,4,372,113,159,8,26,24,1,1,normal
632281017,68979454,522610,244964,2,2,0,0,0,0,0,69,91,7,258,147,168,11,37,34,3,3,normal
552985475,49535938,448613,218250,4,4,0,0,0,0,0,74,92,1,214,101,148,7,29,36,1,1,normal
-3548360370,89594703,605777,286607,4,8,3,1,0,0,0,88,117,2,259,122,187,11,34,22,4,4,normal
647957310,52099653,598666,272807,2,8,3,1,0,0,0,309,332,2,466,347,416,9,39,36,3,3,normal
689382505,65396050,464432,214372,4,7,0,0,0,0,0,74,93,0,309,159,168,10,44,41,4,4,normal
726526376,69043933,580878,274190,6,5,0,0,0,0,0,501,531,2,712,556,671,15,90,82,7,7,normal
814330558,67135985,654057,302060,4,5,0,0,0,0,0,202,221,4,364,229,334,11,81,76,5,6,normal
479776153,50486785,381207,228263,1,5,3,1,0,0,0,73,97,1,235,114,175,17,52,42,10,9,normal
687637538,72840284,551788,222820,1,5,3,1,0,0,0,82,107,3,917,165,207,15,56,47,10,10,normal
-3703913122,63276027,474376,215513,3,5,0,0,0,0,0,68,84,8,280,187,162,17,46,40,9,9,normal
675853046,80001196,558201,278194,6,6,0,0,0,0,0,79,107,0,220,116,176,11,33,23,6,6,normal
599199360,50336539,460423,265422,10,10,0,0,0,0,0,79,110,3,226,130,184,11,31,29,2,2,normal
1099585492,82629019,834067,465172,0,8,6,2,0,0,0,301,320,6,496,406,425,7,52,51,1,1,normal
683666047,70260785,548345,264583,5,6,0,0,0,0,0,80,103,2,364,114,217,7,84,83,1,1,normal
537252210,46190498,414593,215700,4,4,0,0,0,0,0,77,113,3,342,115,245,8,98,97,1,1,normal
-3242962124,83641993,800325,467245,1,1,0,0,0,0,0,52,67,7,290,117,204,8,99,98,1,1,normal
509009074,51689334,394678,383044,2,6,3,1,0,0,0,83,107,3,332,147,234,8,96,115,2,2,normal
784766867,91710822,626268,194239,5,9,3,1,0,0,0,74,95,2,280,128,256,11,124,100,3,3,normal
509815244,40657696,393546,204506,4,4,0,0,0,0,0,65,74,11,261,85,216,9,114,111,3,4,normal
529475606,49786598,433665,210101,3,3,0,0,0,0,0,83,105,4,340,123,247,12,108,102,6,5,normal
646798757,60882661,524211,265702,2,3,0,0,0,0,0,67,89,4,275,112,237,11,87,82,5,5,normal
349287357,33945711,283868,231528,2,6,3,2,0,0,0,267,286,4,537,388,420,11,55,50,4,4,normal
-3673531114,56498703,503294,165955,2,6,3,0,0,0,0,143,161,2,210,125,182,12,32,27,5,5,normal
341395611,74228165,670596,286406,10,12,0,0,0,0,0,52,79,1,213,104,165,10,30,26,4,4,normal
1016058768,40308096,419469,162173,1,1,0,0,0,0,0,80,107,4,179,103,157,11,27,26,4,4,normal
882533520,79879035,709623,299438,5,5,0,1,0,0,0,77,110,2,265,158,176,8,38,33,2,2,normal
260994814,31633077,209683,90251,6,14,6,1,0,0,0,68,88,3,233,144,164,10,33,30,3,3,normal
1062581725,104709474,854669,367869,5,5,0,0,0,0,0,82,110,3,236,109,169,9,20,17,3,3,httpFlood
-3605412905,70742161,555781,332524,6,7,0,0,0,0,0,616,689,7,967,866,991,8,30,29,1,2,normal
597793625,47476884,476328,92459,8,7,0,0,0,0,0,2886,2915,2,3011,2904,2983,7,30,29,2,1,normal
1406415538,117626401,1118460,432856,6,11,3,1,0,0,0,1720,1720,4,1733,1617,1563,9,26,24,1,1,normal
698279379,54842160,559753,233614,3,7,3,1,0,0,0,304,314,1,506,361,372,6,34,34,0,0,normal
372182111,30784891,300276,126837,4,6,0,0,0,0,0,43,79,0,306,136,159,7,37,36,1,1,normal
-3413149439,68810114,904674,415902,1,1,0,0,0,0,0,82,103,2,250,142,172,9,38,36,2,2,normal
779168233,67555591,402069,187836,0,1,0,0,0,0,0,75,96,4,263,168,175,7,33,33,1,1,normal
497240315,-4252857465,390325,182578,9,16,6,2,0,0,0,51,82,1,235,124,153,11,36,30,4,4,normal
881612926,115499590,705155,358036,4,4,0,0,0,0,0,82,102,3,203,122,161,7,19,18,1,1,httpFlood
743750303,66551951,586985,283624,4,4,0,0,0,0,0,72,94,8,218,139,162,10,25,22,3,3,normal
780431123,76549718,618357,287520,3,5,0,0,0,0,0,2071,2157,0,2384,2361,2390,7,21,24,1,1,normal
533779128,62801756,439570,230068,3,7,3,1,0,0,0,2892,2880,2,3018,2841,2881,10,40,34,2,2,normal
-3654221854,67373890,593303,310703,2,6,3,1,0,0,0,434,433,2,510,331,404,6,33,33,0,0,normal
806748249,60617396,536539,261238,6,7,0,0,0,0,0,73,101,0,238,110,161,8,34,33,1,1,normal
847130537,79987535,661523,303904,4,5,0,0,0,0,0,78,101,5,218,120,166,8,28,26,2,2,normal
751421678,71264098,590226,300025,2,2,0,0,0,0,0,64,89,4,187,87,154,8,30,29,1,1,normal
646382334,61830833,508894,255438,6,11,3,1,0,0,0,72,109,1,261,153,172,8,27,25,2,2,normal
542243030,48550378,429203,210292,2,7,3,1,0,0,0,83,98,2,234,117,164,9,28,26,2,2,normal
-3770899352,55701811,419871,208917,1,1,0,0,0,0,0,56,74,7,157,88,145,9,30,26,4,4,normal
1181154571,115234036,934095,458545,1,1,0,0,0,0,0,87,119,3,233,115,174,8,28,27,1,1,normal
528841912,46593880,414870,209342,3,3,0,0,0,0,0,80,107,2,307,151,169,10,29,26,3,3,normal
901289880,85816702,709456,341704,4,12,6,2,0,0,0,305,332,2,441,367,415,10,46,43,3,3,normal
608933650,90062968,501257,317680,2,3,0,0,0,0,0,84,109,0,1033,150,188,10,53,49,4,4,normal
-3324919867,70966714,740055,263179,1,2,0,0,0,0,0,492,531,2,1475,645,685,13,80,74,7,7,normal
853539662,48939412,633797,225291,8,8,0,0,0,0,0,202,249,5,1701,285,347,10,78,78,3,3,normal
1484432613,104293151,1103377,472863,4,9,3,1,0,0,0,82,132,1,839,126,203,16,53,40,9,9,normal
1360213850,72836818,999779,207740,3,7,3,1,0,0,0,71,119,2,866,124,219,16,41,31,10,10,normal
-3424679435,54201183,661015,231642,2,2,0,0,0,0,0,63,80,7,241,126,153,17,46,36,10,11,normal
759972063,74038896,603028,281604,6,6,0,0,0,0,0,85,115,2,246,133,195,13,39,32,7,6,normal
850025162,78447997,664719,337379,2,2,0,0,0,0,0,65,88,2,299,173,177,12,43,39,4,4,normal
501821432,48403178,390330,190447,5,11,3,2,0,0,0,175,213,2,518,378,448,7,71,70,1,1,normal
794365748,66655217,617544,270617,6,10,3,0,0,0,0,230,256,1,439,224,268,8,107,106,1,1,normal
-3345664416,82900418,737170,340982,6,7,0,0,0,0,0,53,80,2,349,148,239,10,113,126,4,4,normal
510051157,45314302,398996,168988,8,8,0,0,0,0,0,79,102,4,353,106,241,8,130,112,1,1,normal
857975010,72344430,662310,288782,5,6,0,0,0,0,0,78,101,3,367,120,265,8,122,120,2,2,normal
327261795,28355136,257992,106380,3,11,6,2,0,0,0,57,81,2,301,100,233,9,117,114,3,3,normal
908216883,106133435,834118,361397,3,4,0,0,0,0,0,69,91,1,375,190,254,10,104,101,3,3,normal
564314800,35982265,328370,136797,5,6,0,0,0,0,0,84,103,9,319,125,248,11,108,104,4,4,normal
610197403,50597140,483288,196287,5,6,0,0,0,0,0,51,73,2,216,85,196,10,87,83,5,5,normal
-3490495910,94412011,860760,358848,1,5,3,1,0,0,0,97,123,1,272,156,220,12,39,33,5,5,normal
1037002125,62490841,575168,209419,2,6,3,1,0,0,0,315,352,1,511,384,395,11,33,29,4,4,normal
738580638,58404195,572218,200931,1,2,0,0,0,0,0,52,77,0,291,176,148,13,37,30,7,7,normal
738453623,59052048,572076,204638,3,3,0,0,0,0,0,93,128,2,391,226,190,13,28,22,6,6,normal
-2810547474,118069317,1101630,336605,2,2,0,0,0,0,0,77,123,4,264,154,189,7,29,28,1,1,normal
923313799,46778760,679673,199979,3,12,6,2,0,0,0,57,100,1,207,89,164,11,26,22,4,4,normal
1361728259,89875117,1008708,325740,3,3,0,0,0,0,0,83,120,3,287,179,190,7,32,31,1,1,normal
987248635,117541209,770850,327331,2,3,0,0,0,0,0,74,102,10,897,143,176,10,32,29,3,3,normal
517187477,58123631,406899,189322,3,3,0,0,0,0,0,2690,2790,1,2983,2934,3074,7,33,32,1,1,normal
-3408937434,86986924,690733,324260,3,7,3,1,0,0,0,2466,2422,3,2450,2297,2265,9,26,24,2,2,normal
1412797579,97594790,1028475,589941,2,8,3,1,0,0,0,296,349,1,534,366,416,7,28,28,0,0,normal
1371739458,109545564,982712,673325,2,2,0,0,0,0,0,70,126,0,224,98,179,10,32,28,4,4,normal
-2536662726,130190422,1252988,830576,3,3,0,0,0,0,0,76,127,2,209,111,213,8,41,39,2,2,normal
1778056384,118951316,1268541,766030,4,4,0,0,0,0,0,64,106,4,360,236,167,8,28,27,1,1,normal
1415065119,91140494,1015761,583165,1,5,3,1,0,0,0,74,131,1,347,180,205,8,35,33,2,3,normal
-3024328486,111845235,1348871,776142,6,11,3,1,0,0,0,77,131,2,250,152,201,9,29,27,3,2,normal
1484107915,63202961,648106,298706,4,4,0,0,0,0,0,959,1033,8,1192,1181,1288,10,25,21,3,3,normal
676763178,63981308,541360,253568,6,7,0,0,0,0,0,2952,2991,1,3130,3048,3048,8,23,22,1,1,normal
470322075,45196369,370252,152391,3,4,0,0,0,0,0,1265,1214,2,1278,1118,1079,7,20,19,1,1,httpFlood
-3504427492,87871317,638222,282180,5,14,6,2,0,0,0,297,323,2,504,382,400,7,34,33,1,1,normal
473032422,45337981,371980,246108,1,2,0,0,0,0,0,82,105,0,251,146,167,11,34,30,4,4,normal
703123971,78940302,560289,160814,2,2,0,0,0,0,0,72,98,1,308,185,170,8,25,24,1,1,normal
501138622,49688623,391140,176536,4,4,0,0,0,0,0,61,77,5,221,117,135,7,33,32,1,1,normal
823411903,85261549,646518,291626,9,13,3,1,0,0,0,85,115,1,249,135,194,9,31,29,2,2,normal
674037956,55854968,534540,226409,3,7,3,1,0,0,0,72,96,2,231,112,171,9,34,31,3,3,normal
581428128,50381290,455342,204311,3,3,0,0,0,0,0,72,89,6,245,132,146,10,32,29,3,3,normal
-3604443860,60616751,547142,232904,5,6,0,0,0,0,0,91,115,3,332,182,189,8,28,26,2,2,normal
842370141,-4229793714,649711,286486,2,2,0,0,0,0,0,61,89,2,243,125,159,10,29,32,3,3,normal
726124956,52485471,553139,241093,1,5,3,2,0,0,0,278,335,2,480,354,420,10,51,41,4,4,normal
826250197,71199388,640091,280648,3,7,3,0,0,0,0,126,124,0,292,119,210,10,67,64,3,3,normal
311813705,29684344,240034,305358,1,2,0,0,0,0,0,297,342,2,590,449,559,19,92,78,14,14,normal
-2589685016,104000265,1268159,314479,2,2,0,0,0,0,0,368,405,4,494,380,423,18,57,47,11,11,normal
1890538162,85167756,1345223,573094,8,16,3,1,0,0,0,117,163,2,344,201,250,21,48,41,13,13,normal
571368433,27148007,405414,180831,3,7,3,1,0,0,0,64,104,2,201,111,188,23,63,39,17,17,normal
-2489759453,566948524,1391024,871471,4,4,0,0,0,0,0,73,109,4,283,116,196,18,45,34,12,12,normal
860869573,622370468,719052,649138,1,1,0,0,0,0,0,85,106,5,257,120,174,12,38,32,6,6,normal
272345802,199277856,229297,207003,7,7,0,0,0,0,0,49,71,3,807,175,192,12,62,56,5,5,normal
1004566431,123797191,789042,383924,3,7,3,1,0,0,0,634,660,1,1025,735,894,13,106,102,4,4,normal
540615433,51072648,419545,183132,4,8,3,1,0,0,0,708,729,1,867,673,774,6,115,115,0,0,normal
466489703,45321506,360292,171341,2,3,0,0,0,0,0,45,70,0,283,81,211,12,122,117,5,5,normal
-3030091839,106241863,972849,442738,8,8,0,0,0,0,0,81,108,2,356,154,262,8,98,97,1,1,normal
581549986,39041621,444485,183942,1,1,0,0,0,0,0,84,116,5,414,248,260,7,109,108,1,1,normal
607544697,37373989,467152,192509,4,12,6,2,0,0,0,50,70,1,292,106,228,15,117,109,8,8,normal
970714305,73695209,745811,330496,0,0,0,0,0,0,0,83,114,3,285,144,244,7,100,99,1,1,normal
891097927,75758951,684548,303377,3,4,0,0,0,0,0,76,100,7,287,131,230,12,89,84,6,6,normal
584071507,50656655,453949,205975,6,7,0,0,0,0,0,49,72,1,205,102,154,11,50,56,4,4,normal
-3346768320,70914855,740616,330092,3,8,3,1,1,0,0,97,127,3,273,140,204,11,37,21,6,6,normal
832026540,57714160,646767,280913,3,8,3,1,0,0,0,292,324,1,455,344,388,11,22,18,3,3,normal
654848052,47106926,522464,226088,3,3,0,0,0,0,0,62,98,0,152,87,151,12,25,20,5,5,normal
1118709223,76443142,908611,448401,2,2,0,0,0,0,0,93,140,4,268,172,201,11,24,19,5,5,normal
892478447,67898047,741192,330894,4,5,0,0,0,0,0,67,92,8,282,191,176,8,37,35,2,2,normal
-3537439750,66227050,639553,298607,3,8,3,1,0,0,0,77,110,3,278,113,178,10,35,33,3,3,normal
945171872,76031285,752104,357345,4,8,3,1,0,0,0,81,113,5,234,121,241,9,90,87,2,2,normal
334703524,24217809,277994,120578,7,8,0,0,0,0,0,64,97,6,261,97,220,9,88,85,3,3,normal
1471780442,134171289,1304195,585885,4,4,0,0,0,0,0,2261,2368,5,2587,2490,2630,10,29,25,4,4,normal
664018479,54981827,668944,267343,1,1,0,0,0,0,0,2839,2794,6,2870,2726,2670,8,27,26,2,2,normal
-3250977534,57397429,588969,252580,2,10,6,2,0,0,0,306,328,4,404,347,405,10,35,31,3,3,normal
1146486726,113232643,932938,401800,5,5,0,0,0,0,0,79,133,2,206,105,192,8,24,23,1,1,normal
1128880628,88207873,874881,380526,4,5,0,0,0,0,0,83,136,4,248,120,206,8,29,28,1,1,normal
-2668213717,68841918,1169036,469115,0,0,0,0,0,0,0,48,90,6,159,80,142,7,26,25,1,1,normal
723586966,428092256,917769,589661,1,6,3,1,0,0,0,81,113,1,258,143,183,8,29,27,2,2,normal
610132890,205350307,285271,218347,2,7,3,1,0,0,0,82,116,2,236,214,318,10,31,28,3,3,normal
1210716716,-3782360389,1044529,678590,3,3,0,0,0,0,0,2802,2906,6,3106,3031,3056,9,48,45,3,3,normal
878444369,61321930,685074,262708,5,5,0,0,0,0,0,2280,2241,2,2254,2099,2121,9,43,41,2,2,normal
-3296323305,67679310,794487,312599,3,3,0,0,0,0,0,67,106,3,225,103,179,7,29,27,1,1,normal
1150557632,72766974,1498941,554460,2,11,6,2,0,0,0,309,365,2,444,343,425,11,33,29,4,4,normal
1657878521,53689234,626207,218445,2,2,0,0,0,0,0,83,144,0,275,121,225,8,43,42,1,1,normal
-2912953984,520863220,1185930,695195,3,5,0,0,0,0,0,75,108,1,309,157,183,8,28,27,1,1,normal
827134264,676165927,751995,656282,5,5,0,0,0,0,0,59,87,5,223,84,151,8,31,29,1,1,normal
568869628,384296280,528170,403143,4,9,3,1,0,0,0,85,119,1,305,121,181,8,34,32,2,2,normal
1049929619,175496851,915698,389596,3,8,3,1,0,0,0,75,104,3,235,125,182,10,33,27,6,6,normal
554839570,54657347,465639,178765,3,5,0,0,0,0,0,70,96,6,205,128,159,12,32,29,3,3,normal
-3276169972,97430321,855458,327023,3,4,0,0,0,0,0,96,134,2,238,136,194,10,31,28,3,3,normal
938533979,109317206,814919,315417,3,4,0,0,0,0,0,62,97,3,223,107,181,9,36,33,3,3,normal
956240689,65394317,810287,284264,7,16,6,2,0,0,0,657,712,2,913,752,842,14,62,55,7,7,normal
786851579,57171719,659763,282780,6,9,0,0,0,0,0,288,307,0,462,338,403,10,74,70,4,4,normal
890777401,80251027,769087,333546,2,2,0,0,0,0,0,76,110,1,251,108,183,10,45,44,3,3,normal
-3436919281,61240337,694679,276230,4,5,0,0,0,0,0,84,119,5,227,102,180,10,51,45,4,4,normal
906046026,97929927,738324,313750,3,7,3,1,0,0,0,76,111,1,254,122,190,14,31,24,7,7,normal
329546643,22198658,261523,102639,1,5,3,1,0,0,0,62,88,2,237,140,174,16,47,37,11,11,normal
1303403442,138089999,1054970,452412,0,0,0,0,0,0,0,80,105,3,219,118,178,19,43,31,11,11,normal
829540083,120888959,687640,325139,3,3,0,0,0,0,0,80,107,5,252,117,192,12,48,41,7,7,normal
285702846,28838738,739931,330537,0,0,0,0,0,0,0,57,97,3,324,171,221,14,94,89,5,5,normal
-2885134171,144976548,636952,261538,3,7,3,1,0,0,0,114,139,2,311,156,336,7,95,117,1,1,normal
648592611,48455964,775023,307612,3,7,3,1,0,0,0,288,319,0,512,314,385,7,111,88,1,1,normal
612600932,39603877,239263,103662,9,10,0,0,0,0,0,46,81,0,281,126,258,8,104,102,1,1,normal
1337159565,99108157,1082218,440239,3,3,0,0,0,0,0,78,111,3,289,109,245,11,110,106,4,4,normal
-3590704465,57442890,579992,238912,3,3,0,0,0,0,0,83,108,5,316,114,273,7,129,128,1,1,normal
588148406,41800802,479236,193386,6,16,6,2,0,0,0,46,82,1,263,92,228,11,109,104,4,4,normal
872532425,65377090,708284,292822,2,2,0,0,0,0,0,84,117,2,304,153,237,10,88,84,4,4,normal
1034761986,90194214,849394,362508,7,7,0,0,0,0,0,72,100,6,214,118,216,12,66,61,5,5,normal
578524047,51705590,478072,199925,3,4,0,0,0,0,0,60,94,1,202,86,147,11,35,30,5,5,normal
858426686,143490563,725501,330973,2,6,3,1,0,0,0,102,130,4,287,141,214,11,37,37,6,6,normal
-3249238020,173173028,883059,399613,3,8,3,1,0,0,0,292,326,1,416,343,397,10,39,30,3,3,normal
650921732,45191302,535328,200485,3,4,0,0,0,0,0,72,113,0,1088,134,180,11,36,31,5,5,normal
1156283055,-4224373894,947105,353551,2,2,0,0,0,0,0,90,121,2,336,131,194,13,34,29,5,5,normal
494122135,36878517,396544,161226,3,3,0,0,0,0,0,59,97,4,231,83,145,8,25,23,2,2,normal
-2671173815,96240617,1269378,462230,5,10,3,1,0,0,0,75,119,1,278,121,191,9,21,18,3,3,normal
1228842624,70738991,956020,351608,6,11,3,1,0,0,0,78,118,3,225,138,182,12,31,25,5,5,normal
483379177,34009137,387197,139993,4,5,0,0,0,0,0,56,83,6,217,149,160,10,27,33,3,3,normal
1570265311,98907916,1224943,443002,4,4,0,0,0,0,0,2202,2307,1,2474,2437,2567,7,32,22,1,1,normal
-3430366994,53529805,678976,258133,2,2,0,0,0,0,0,2842,2861,3,2876,2741,2740,8,20,18,1,1,httpFlood
1234010128,75040666,966920,368408,1,9,6,2,0,0,0,368,361,2,472,352,406,7,29,24,1,1,normal
532049546,33379517,419918,155057,4,5,0,0,0,0,0,79,120,0,257,125,168,7,18,17,1,1,normal
1484048975,82226222,1152569,421019,3,4,0,0,0,0,0,74,119,1,313,230,188,8,30,24,1,1,normal
777534622,50894578,601481,216471,8,8,0,0,0,0,0,57,90,5,217,144,166,7,29,28,1,1,normal
-2875573973,88934630,1104027,376323,2,6,3,1,0,0,0,79,113,1,276,118,184,9,43,36,2,2,normal
890407686,57191112,719018,243307,4,8,3,1,0,0,0,2128,2236,2,2452,2397,2490,9,21,18,3,3,httpFlood
697140536,45245543,552243,202164,0,0,0,0,0,0,0,2882,2887,6,2883,2786,2776,10,28,32,3,3,normal
929113312,72470010,748625,253936,0,0,0,0,0,0,0,159,137,2,207,115,185,9,40,29,2,2,normal
-2814812745,75790567,1132369,366419,6,6,0,0,0,0,0,56,92,3,206,96,176,7,35,31,1,1,normal
668692895,37490635,534662,168207,4,8,5,2,0,0,0,257,315,2,511,392,420,7,38,37,1,1,normal
972435965,63347522,776484,248355,1,5,1,0,0,0,0,138,143,0,260,151,192,8,40,39,1,1,normal
463289113,33979506,369869,122684,5,6,0,0,0,0,0,55,91,1,162,82,148,7,29,28,1,1,normal
-2923247886,98199287,1097419,373829,5,7,0,0,0,0,0,77,117,4,316,151,193,11,32,27,4,4,normal
1277599620,80862446,987122,370595,0,0,3,1,0,0,0,78,116,2,275,112,169,8,26,29,2,2,normal
503247105,31349862,389727,159817,1,9,3,1,0,0,0,57,93,2,277,100,166,10,34,26,3,3,normal
1474594620,89531517,1141954,415581,4,5,0,0,0,0,0,86,121,1,213,116,198,9,40,37,3,3,normal
-3460501586,59326228,648022,313257,2,3,0,0,0,0,0,103,135,6,323,202,189,8,27,26,1,2,normal
824485002,62006024,630761,231161,5,5,0,0,0,0,0,46,90,3,238,120,183,10,50,46,5,4,normal
1312062922,91209497,1433604,536877,3,7,3,1,0,0,0,104,138,2,338,162,256,14,65,58,6,6,normal
1435826550,103384269,665473,239516,2,6,3,1,0,0,0,784,835,1,1075,867,944,10,70,67,3,4,normal
-3353874949,58283599,721820,259885,3,3,0,0,0,0,0,136,168,0,319,223,218,10,33,28,8,7,normal
976774106,142744496,1279682,528631,5,5,0,0,0,0,0,85,124,2,240,120,191,15,29,23,3,3,normal
1828685668,65814723,915788,334795,1,1,0,0,0,0,0,84,137,5,223,127,214,12,40,39,7,7,normal
1045122273,66850897,799668,307456,2,11,6,2,0,0,0,46,79,1,261,130,161,18,51,35,10,10,normal
-3646326265,45923267,492664,192370,6,6,0,0,0,0,0,82,120,2,257,121,200,13,45,38,8,10,normal
1357208647,81690582,1008833,339779,3,3,0,0,0,0,0,77,102,6,278,121,231,15,77,69,7,5,normal
534322995,26052595,394471,123946,2,2,0,0,0,0,0,58,88,1,297,118,216,12,106,100,6,6,normal
1029885415,68287552,783207,269453,2,7,3,1,0,0,0,102,136,4,319,150,314,10,112,110,2,2,normal
-2962876882,67304100,1122460,390553,6,11,3,1,0,0,0,299,353,1,577,377,480,6,104,104,0,0,normal
1138415439,55745292,669377,228205,6,6,0,0,0,0,0,61,93,0,294,84,229,8,109,115,1,1,normal
995384534,63000328,754108,259222,7,7,0,0,0,0,0,87,129,2,422,164,279,11,128,114,5,5,normal
1147391319,64522289,848921,284040,1,1,0,0,0,0,0,56,102,4,353,91,270,8,109,103,1,1,normal
-3385909779,49711249,673798,227301,3,7,6,2,0,0,0,72,110,1,369,106,246,9,109,101,3,3,normal
1451885937,69294918,1047752,385747,3,7,0,0,0,0,0,78,126,3,237,118,244,9,74,71,2,2,normal
497794878,26408503,359603,132894,2,2,0,0,0,0,0,63,120,7,225,126,179,12,32,27,5,5,normal
-1973583537,110932834,1669513,645131,3,4,0,0,0,0,0,73,109,1,269,144,168,10,26,28,4,4,normal
1033119726,279945287,804665,426544,3,4,2,1,0,0,0,85,127,3,278,170,205,12,38,26,6,6,normal
807220779,353668850,655241,400662,8,18,4,1,0,0,0,296,338,2,469,341,427,10,39,36,4,4,normal
1285478398,448451228,997329,569808,2,2,0,0,0,0,0,80,121,0,235,111,184,12,37,28,4,4,normal
660385073,76768292,723501,255493,2,2,0,0,0,0,0,90,120,2,269,130,194,15,42,30,9,9,normal
-3407732217,38202407,443333,139949,0,0,0,0,0,0,0,51,88,5,183,77,158,8,36,32,2,2,normal
1196056450,99660149,1189470,382264,3,7,3,1,0,0,0,75,127,1,235,147,194,9,32,30,2,2,normal
1379421798,42690841,703693,217570,7,12,3,1,0,0,0,78,117,2,258,133,190,9,32,30,2,2,normal
705701247,44260600,538839,183096,4,4,0,0,0,0,0,48,71,6,239,125,139,10,28,25,4,4,normal
-3228311798,56814551,790955,261127,2,2,0,0,0,0,0,1909,2015,1,2281,2223,2272,8,28,29,1,1,normal
1445642683,-4221959519,1053471,349472,4,6,0,0,0,0,0,2944,2962,5,3083,2970,2972,8,30,26,1,1,normal
993771074,59894213,746536,298269,1,8,6,2,0,0,0,575,559,2,655,494,487,7,31,30,1,1,normal
611174205,40185081,461828,194886,2,3,0,0,0,0,0,76,113,0,275,180,186,8,34,33,1,1,normal
-2945859188,68710569,997864,355853,2,2,0,0,0,0,0,64,97,1,288,179,166,7,32,31,1,1,normal
648056977,38598656,489766,167493,0,0,0,0,0,0,0,77,107,5,278,125,166,8,28,27,1,1,normal
1083199027,57122649,800814,287630,6,10,3,1,0,0,0,1244,1321,1,1583,1500,1600,8,28,26,2,2,normal
387066634,30652981,767331,293540,2,6,3,1,0,0,0,2976,3034,6,3145,3066,3088,13,37,31,6,6,normal
1284355501,111067053,523915,212981,3,3,0,0,0,0,0,963,923,8,918,768,798,10,30,27,3,3,normal
-3322923841,66736938,734593,303611,3,3,0,0,0,0,0,82,108,3,225,120,182,8,29,27,2,2,normal
539513089,34295974,399916,165258,2,2,0,0,0,0,0,63,95,5,235,123,165,8,41,40,1,1,normal
1504433590,139454961,1148323,510530,4,8,3,1,0,0,0,230,277,5,539,425,433,7,43,42,1,1,normal
916731985,70356995,688091,279756,4,9,3,1,0,0,0,165,191,0,262,107,195,8,46,45,1,1,normal
-3572644766,43823549,525150,195435,2,2,0,0,0,0,0,52,85,5,219,126,171,7,35,34,1,1,normal
1599094095,99657950,1202967,400538,1,1,0,0,0,0,0,82,111,6,305,156,189,8,36,35,1,1,normal
1029711067,59462072,783488,245464,3,3,0,0,0,0,0,82,109,4,270,139,166,7,29,27,2,2,normal
296929547,19130983,228039,76946,0,8,6,2,0,0,0,50,79,4,259,111,148,10,25,22,3,3,normal
995451245,101259300,1090544,368139,3,3,0,0,0,0,0,94,124,3,280,153,200,13,51,45,6,6,normal
-2761310957,57975232,809379,282486,3,3,0,0,0,0,0,92,135,6,277,128,205,7,44,43,1,1,normal
681323458,29910588,497960,163137,3,4,0,0,0,0,0,48,83,3,270,116,198,10,64,61,3,3,normal
1135035241,62315330,841868,304113,4,10,3,1,0,0,0,100,135,2,287,166,261,11,62,57,5,5,normal
-3104366800,79388530,990974,331516,5,10,3,1,0,0,0,629,681,1,825,721,781,12,42,37,5,5,normal
686891053,38778410,439635,153925,0,0,0,0,0,0,0,268,286,0,380,283,327,11,38,34,5,5,normal
1172886647,80955533,877526,311607,3,3,0,0,0,0,0,108,151,2,349,204,214,10,43,39,4,4,normal
1232581966,78235530,923324,288116,5,5,0,0,0,0,0,76,102,4,378,197,186,13,37,31,5,6,normal
861766573,48791448,651518,207498,7,15,6,2,0,0,0,64,83,2,287,159,168,18,44,32,12,11,normal
-3314257537,64531512,758561,248372,3,4,0,0,0,0,0,90,128,2,300,127,240,17,85,74,11,11,normal
1115748979,75527954,835925,267367,4,5,0,0,0,0,0,71,95,6,320,158,245,14,109,101,7,7,normal
599167729,84673083,472339,186102,3,3,0,0,0,0,0,65,119,0,392,146,252,13,111,105,6,6,normal
1213881818,142446983,921566,339000,2,6,3,1,0,0,0,98,123,5,475,263,291,10,108,106,2,2,normal
-3613041015,204992384,805398,361504,4,8,3,1,0,0,0,296,327,1,531,330,472,9,103,100,3,3,normal
895943297,64583972,468571,167934,5,5,0,0,0,0,0,71,111,0,317,124,244,8,109,108,1,1,normal
1210185761,117245697,911361,348476,6,7,0,0,0,0,0,77,112,2,313,134,255,8,105,103,2,2,normal
630577808,62435426,473976,190532,3,3,0,0,0,0,0,60,86,4,329,140,223,7,99,98,1,1,normal
1158265841,113891418,901164,317242,3,7,3,1,0,0,0,73,98,1,317,152,223,9,97,95,3,3,normal
-3602719820,111916149,573285,256101,2,6,3,1,0,0,0,80,117,3,316,168,207,9,45,42,2,2,normal
711400174,59640416,526399,189068,7,9,0,0,0,0,0,53,77,6,284,147,161,11,35,31,5,5,normal
1254511125,153648392,973398,378151,3,3,0,0,0,0,0,78,107,0,253,142,175,11,36,31,4,4,normal
704680406,114068823,633348,284032,3,3,0,0,0,0,0,82,106,3,312,170,180,12,30,25,6,6,normal
996931979,108051411,683223,276919,6,15,6,2,0,0,0,300,330,3,436,342,397,13,33,26,6,6,normal
-3555363018,84557503,561301,498054,3,4,0,0,0,0,0,87,132,0,245,155,195,12,31,26,5,5,normal
1501785904,144656875,1125141,318741,7,8,0,0,0,0,0,85,134,1,336,198,212,10,41,37,4,4,normal
1178321134,99290593,861005,388698,3,3,0,0,0,0,0,49,100,5,237,84,170,10,28,25,3,3,normal
-2361229610,154821418,1398358,639532,8,13,3,1,0,0,0,80,129,1,284,121,207,8,39,37,5,5,normal
1385590066,155721967,1049635,464962,1,5,3,1,0,0,0,74,106,2,1049,211,211,14,50,44,3,4,normal
469293797,75940806,384600,169951,3,4,0,0,0,0,0,70,100,6,199,83,171,10,44,40,4,3,normal
1069820605,239577331,1045379,451040,4,4,0,0,0,0,0,2040,2162,1,2374,2289,2450,8,86,85,1,1,normal
-3286456303,119511287,569216,251142,4,5,0,0,0,0,0,2809,2782,3,3024,2852,2859,7,76,75,1,1,normal
797301738,107553219,631608,276342,5,14,6,2,0,0,0,609,606,3,716,543,535,8,25,24,1,1,normal
549470428,63931799,428630,169378,3,2,0,0,0,0,0,82,111,0,301,169,176,7,24,23,1,1,normal
972589174,-4155308753,767907,341993,2,2,0,0,0,0,0,68,106,1,247,155,170,8,29,28,1,1,normal
723536283,81858851,545145,212325,3,3,0,0,0,0,0,900,971,5,1273,1163,1216,7,35,34,1,1,normal
-3344265242,111663780,730161,295761,1,5,3,1,0,0,0,2894,2928,8,3105,2944,3047,9,32,30,2,2,normal
940856651,132792901,747478,331425,2,8,3,1,0,0,0,1419,1391,7,1458,1283,1242,9,32,28,3,3,normal
918422793,113903853,706740,282695,5,4,0,0,0,0,0,81,106,11,253,140,163,9,33,30,3,3,normal
704542673,90252720,550509,216462,3,5,0,0,0,0,0,95,109,7,265,171,179,9,30,28,2,2,normal
251671122,38683351,201286,88641,1,1,0,0,0,0,0,62,80,8,189,94,139,7,28,27,1,1,normal
-2791334408,170212462,1146127,497843,4,8,3,1,0,0,0,122,187,9,444,364,389,10,30,27,3,3,normal
1029215398,115724169,779845,326580,7,11,3,1,0,0,0,282,281,5,392,192,234,9,51,48,4,4,normal
427728234,78791870,356432,176071,5,5,0,0,0,0,0,51,71,6,183,96,157,16,48,39,8,8,normal
1119493733,132879629,868819,366808,0,0,0,0,0,0,0,83,111,10,225,109,195,9,43,40,3,3,normal
724983104,88587260,735204,332451,2,3,0,0,0,0,0,94,118,6,320,136,183,12,37,32,5,6,normal
562161861,92856107,269173,104496,3,11,6,2,0,0,0,56,84,3,249,98,166,10,35,31,4,3,normal
-3434733067,126161029,676880,474623,1,1,0,0,0,0,0,86,133,1,229,115,194,10,37,34,3,3,normal
1150212133,151050874,894261,199650,1,1,0,0,0,0,0,94,112,6,299,162,220,8,61,65,1,1,normal
823913139,101919009,629740,255557,4,5,0,0,0,0,0,63,98,2,284,97,198,11,87,78,4,4,normal
1283670973,116848942,947135,370843,2,6,3,1,0,0,0,98,127,2,267,139,210,13,42,35,7,8,normal
-3484719918,116826226,641443,302779,4,8,3,1,0,0,0,744,778,4,940,804,887,14,40,33,7,6,normal
945721021,101736706,721276,318057,0,0,0,0,0,0,0,178,224,0,405,242,266,12,30,24,6,6,normal
1026005091,163119189,807754,353593,4,5,0,0,0,0,0,87,108,2,285,156,178,11,36,36,4,5,normal
545230718,111162489,463892,230082,5,5,0,0,0,0,0,62,94,4,299,159,184,13,43,32,8,7,normal
569837150,98319470,462121,215673,3,11,6,2,0,0,0,72,108,1,320,157,213,20,73,59,14,14,normal
-3150822795,141034728,865057,372358,5,5,0,0,0,0,0,90,120,3,364,140,258,15,105,96,8,8,normal
824952076,121569265,652310,325679,1,1,0,0,0,0,0,63,80,6,335,190,227,15,105,98,7,7,normal
744931396,84212020,576083,216745,1,1,0,0,0,0,0,76,123,0,356,160,244,13,97,91,6,6,normal
1109724349,111558274,837030,366491,4,9,3,1,0,0,0,93,120,4,334,139,267,8,96,93,2,2,normal
804888741,100864348,617511,257385,2,7,3,1,0,0,0,293,336,2,519,328,485,6,123,123,0,0,normal
-3337917777,122875534,742270,313163,3,3,0,0,0,0,0,73,101,0,297,105,252,8,114,130,1,1,normal
844987683,115232601,663967,276886,5,5,0,0,0,0,0,77,108,2,308,110,265,8,119,111,2,2,normal
544135089,50739098,410971,151485,5,7,0,0,0,0,0,56,86,4,354,124,213,8,111,99,1,1,normal
945035658,174074005,773615,346131,4,9,3,1,0,0,0,72,97,1,295,147,191,7,49,47,2,2,normal
846140477,101923248,652442,265242,3,7,3,1,0,0,0,73,116,3,324,210,208,11,33,30,3,3,normal
-3516600734,69558701,590285,230432,4,5,0,0,0,0,0,55,77,6,258,134,143,15,41,31,9,9,normal
1003930528,129946954,777314,334982,3,3,0,0,0,0,0,80,121,1,242,137,188,17,37,26,11,11,normal
1113077885,121441076,852512,374787,6,6,0,0,0,0,0,72,92,3,264,183,167,12,34,29,5,5,normal
601112742,102775806,496428,232495,3,11,6,2,0,0,0,310,335,3,561,428,420,12,43,38,5,5,normal
769087849,88695003,581696,233902,4,6,0,0,0,0,0,87,115,1,255,124,186,10,32,28,5,5,normal
-3046965148,164293007,960206,445323,4,5,0,0,0,0,0,66,116,2,224,117,183,12,28,22,4,4,normal
652533768,-4205508565,504719,274582,3,3,0,0,0,0,0,68,89,5,205,86,146,9,30,32,3,3,normal
984382642,135646774,766627,316863,0,4,3,1,0,0,0,76,118,1,238,112,188,9,33,26,2,2,normal
1474619641,167162099,1110440,469886,4,8,3,1,0,0,0,63,99,2,250,139,172,9,30,27,3,3,normal
449860003,89961248,373587,181305,4,4,0,0,0,0,0,72,96,6,187,115,159,12,37,28,9,9,normal
-3326563856,128071361,783240,370636,3,4,0,0,0,0,0,1381,1485,2,1834,1757,1739,12,31,29,2,2,normal
483245562,37603648,354720,155435,3,3,0,0,0,0,0,2892,2948,2,3055,2989,3024,8,31,29,1,1,normal
1963695646,193998998,1526437,717328,1,5,3,1,0,0,0,1109,1090,4,1154,994,1004,7,28,27,1,1,normal
864578899,114448768,739614,265397,5,9,3,1,0,0,0,128,147,0,227,117,180,11,31,27,4,4,normal
-3757349312,35775110,420225,155677,4,5,0,0,0,0,0,49,96,1,185,126,161,7,21,20,1,1,normal
1725853697,185622129,1430420,598175,2,3,0,0,0,0,0,2536,2600,4,2833,2761,2857,8,20,19,1,1,httpFlood
1085233671,113694687,902937,400463,8,8,0,1,0,0,0,2597,2603,4,2679,2458,2467,10,32,28,4,4,normal
561732485,85199053,471155,216091,6,14,6,1,0,0,0,55,93,8,270,119,167,11,31,34,4,4,normal
-3154742123,163411156,1267383,544057,3,4,0,0,0,0,0,78,119,1,197,108,175,9,42,32,3,3,normal
1203326041,84319606,626688,262908,2,3,0,0,0,0,0,83,118,6,238,165,203,8,24,23,1,1,normal
897773523,122373041,741254,341893,0,0,0,0,0,0,0,59,91,2,275,195,145,7,26,25,1,1,normal
916687421,172575580,806012,402746,3,8,3,1,0,0,0,95,128,2,748,207,231,11,40,35,5,5,normal
-2987582726,161376410,1072872,499462,1,5,3,1,0,0,0,306,348,2,447,319,390,7,33,33,0,0,normal
729722762,85803662,595444,261943,3,4,0,0,0,0,0,55,99,0,223,87,160,7,26,25,1,1,normal
1336015090,139308811,1068650,492620,3,3,0,0,0,0,0,81,118,2,222,114,179,9,32,30,2,2,normal
1364391181,155393444,1092216,482979,1,1,0,0,0,0,0,67,107,4,207,99,189,8,41,40,1,1,normal
-3601852572,84761383,578110,251442,3,12,6,2,0,0,0,83,123,1,303,157,189,10,39,36,3,3,normal
1300411060,126332278,1036162,457263,2,2,0,0,0,0,0,80,122,3,284,112,236,11,73,68,5,5,normal
538791593,77151004,445045,226092,8,9,0,0,0,0,0,72,112,6,250,111,227,10,81,75,3,3,normal
1639109665,234765852,1341573,658384,5,5,0,0,0,0,0,81,111,4,274,136,211,8,60,58,2,2,normal
-3236117784,124958240,860977,380824,6,10,3,1,0,0,0,489,545,5,693,580,644,18,36,25,11,11,normal
1127340610,117502003,900034,388246,2,6,3,1,0,0,0,467,505,5,664,574,570,9,38,33,2,3,normal
864378468,101624962,691787,322554,5,5,0,0,0,0,0,71,110,2,335,216,176,10,24,20,4,3,normal
1128276535,134992000,918165,428121,0,0,0,0,0,0,0,78,126,4,266,183,195,11,36,32,5,5,normal
-3319570630,104041614,780666,335493,0,0,0,0,0,0,0,53,92,4,277,122,173,11,37,29,4,4,normal
1463747846,182436180,1222163,568512,2,6,3,1,0,0,0,79,112,5,378,126,224,16,73,86,10,10,normal
657172090,117365639,573335,313144,3,7,3,1,0,0,0,86,124,4,357,129,277,18,142,106,12,12,normal
687159029,80269436,538674,251248,1,1,0,0,0,0,0,51,84,9,285,123,247,17,118,109,9,9,normal
-2857452812,151308669,1137991,622641,2,3,0,0,0,0,0,87,125,2,301,120,270,11,101,96,5,5,normal
1054566323,138987081,868805,272037,4,4,0,0,0,0,0,81,117,4,348,166,273,10,105,102,3,3,normal
1141459658,-4164899780,908844,382528,3,11,6,2,0,0,0,306,341,4,508,339,500,7,125,124,1,1,normal
809456702,107618366,665200,301129,7,8,0,0,0,0,0,77,117,0,298,111,255,8,106,105,1,1,normal
-3187139829,121442498,877824,394177,2,3,0,0,0,0,0,72,126,1,318,108,260,7,98,109,1,1,normal
789159174,95178846,618612,270325,3,3,0,0,0,0,0,61,83,5,470,206,191,8,79,65,2,2,normal
1089502368,148468896,889592,385924,2,6,3,1,0,0,0,79,108,2,367,198,185,9,41,39,2,2,normal
988787387,142004252,817058,382377,3,9,3,1,0,0,0,64,104,2,316,175,196,10,28,25,3,3,normal
896243229,102830945,696049,314541,4,3,0,0,0,0,0,75,108,6,352,173,153,9,26,23,4,4,normal
-3490877590,161119278,946063,459745,0,0,0,0,0,0,0,78,108,1,233,116,176,12,34,28,5,5,normal
616221465,82586547,733267,323269,3,4,0,0,0,0,0,64,101,2,180,100,178,12,39,41,5,5,normal
1423331340,117707393,752517,371958,1,9,6,2,0,0,0,319,360,3,520,433,422,11,36,25,4,4,normal
954708075,82997894,494843,242547,5,5,0,0,0,0,0,86,108,1,300,162,188,11,33,28,5,5,normal
395496612,55213203,325243,155454,4,4,0,0,0,0,0,57,91,2,288,169,169,10,34,30,4,5,normal
-2746964675,170443149,1211429,463230,3,3,0,0,0,0,0,77,116,5,241,143,178,11,47,43,4,3,normal
843216015,84004846,668788,265822,5,10,3,1,0,0,0,77,112,1,327,116,195,8,34,31,2,2,normal
699941839,69587469,532351,213506,5,10,3,1,0,0,0,54,94,3,299,189,180,13,34,28,6,6,normal
-2428926753,206689174,1467834,661220,5,5,0,0,0,0,0,75,116,2,323,220,163,9,24,21,3,3,normal
696101207,107030556,693944,272957,4,4,0,0,0,0,0,914,1005,5,1177,1133,1284,8,43,42,2,2,normal
517593388,45591315,341350,126689,2,2,0,0,0,0,0,2902,2963,2,3059,2976,3027,7,28,24,1,1,normal
1031672216,173334092,875972,531280,3,7,3,1,0,0,0,1405,1359,2,1405,1212,1227,9,26,25,1,1,normal
1341407258,146622271,1087380,325507,3,7,3,1,0,0,0,280,322,2,441,352,390,6,25,25,0,0,normal
-3074928891,67872561,942776,394304,6,7,0,0,0,0,0,1352,1457,0,1630,1604,1705,8,25,24,2,2,normal
1488036930,85314846,1139489,485123,2,2,0,0,0,0,0,2935,2968,5,3086,2958,3041,9,29,27,1,1,normal
1335489608,78697132,1053910,443384,3,3,0,0,0,0,0,873,864,4,974,829,737,7,25,24,1,1,normal
582902847,39534697,471912,112646,8,19,6,2,0,0,0,66,99,2,213,106,156,10,27,23,4,4,normal
-3310669712,63950015,777184,281564,0,0,0,0,0,0,0,77,110,2,220,113,169,8,20,21,1,1,httpFlood
594669783,76190717,1021700,352565,1,1,0,0,0,0,0,64,87,6,358,250,151,9,40,35,3,3,normal
1216165205,38958258,399442,141711,1,1,0,0,0,0,0,73,104,0,316,163,158,8,21,20,1,1,normal
828552060,59883671,673229,224256,3,8,3,1,0,0,0,88,115,3,284,198,190,8,28,26,2,2,normal
-3429949093,65433158,675421,244429,2,6,3,1,0,0,0,303,343,3,487,377,410,8,30,30,0,0,normal
1030807650,62282308,808909,253916,1,1,0,0,0,0,0,77,121,0,241,111,179,7,26,25,1,1,normal
919855277,56185084,732513,254407,5,5,0,0,0,0,0,82,114,2,239,153,181,9,27,25,2,2,normal
585007326,31018082,451706,161090,2,2,0,0,0,0,0,63,108,4,187,89,166,8,26,34,1,1,normal
1578784686,106412053,1216004,460957,2,6,3,1,0,0,0,73,127,1,376,146,201,8,43,32,2,2,normal
-3304945075,67033867,955608,327969,6,12,3,1,0,0,0,79,113,2,314,124,232,9,72,69,3,3,normal
817546264,33201174,443043,171490,6,6,0,0,0,0,0,60,93,7,224,129,212,10,75,72,3,3,normal
1516018187,92827917,1156647,442355,3,4,0,0,0,0,0,87,128,0,250,149,190,9,38,36,2,3,normal
-2905419959,81608836,1044760,437744,5,5,0,0,0,0,0,72,124,2,250,128,203,13,35,28,7,6,normal
1395291111,76354332,1058308,407022,0,8,6,2,0,0,0,307,349,3,557,436,414,11,33,28,6,6,normal
1073845331,59760584,838717,265257,8,9,0,0,0,0,0,539,579,1,747,653,685,13,45,40,4,4,normal
665683968,42292568,548786,185326,3,3,0,0,0,0,0,176,211,1,391,270,263,10,34,30,4,4,normal
-3509343684,36497523,607496,176134,2,2,0,0,0,0,0,52,88,5,282,86,190,10,65,62,3,3,normal
1534133282,77816482,1192004,384492,2,6,3,1,0,0,0,78,110,1,379,194,253,16,103,93,10,10,normal
779096542,48874521,626817,228902,1,5,3,1,0,0,0,72,105,2,325,123,254,16,110,120,10,10,normal
594188553,38747995,468659,186021,5,5,0,0,0,0,0,65,95,6,238,93,246,15,137,109,8,8,normal
993121659,61414629,784325,282419,2,2,0,0,0,0,0,77,108,1,317,116,246,13,108,102,6,7,normal
363594340,27654462,894599,340440,1,2,0,0,0,0,0,72,110,2,339,107,284,10,114,110,4,3,normal
-2424823287,108473081,868742,323318,5,12,6,2,0,0,0,325,358,3,577,360,508,8,116,115,1,1,normal
661768479,40683906,528685,184885,6,6,0,0,0,0,0,78,115,2,387,163,261,11,110,105,4,4,normal
368714737,24610789,315759,103586,1,1,0,0,0,0,0,61,95,1,381,229,222,7,90,89,1,1,normal
-2701982501,101912959,1247033,481247,5,6,0,0,0,0,0,75,106,5,274,177,185,7,38,37,1,1,normal
955241749,50547610,738651,262376,2,6,3,1,0,0,0,82,125,1,320,210,176,9,23,21,2,2,normal
632366320,35723140,493734,198759,2,8,3,1,0,0,0,56,97,2,274,138,175,10,26,23,3,3,normal
1833690740,113831749,1441791,548309,3,4,0,0,0,0,0,70,116,3,200,107,180,9,35,32,3,3,normal
-3147254461,-4222178900,908207,358000,2,2,0,0,0,0,0,87,119,4,243,147,177,11,31,25,6,6,normal
455694717,39379288,381969,145296,1,1,0,0,0,0,0,46,84,2,175,84,163,12,33,28,4,4,normal
921276639,106072619,1290193,497894,3,7,3,1,0,0,0,120,166,3,272,180,245,10,35,30,5,5,normal
1611216075,78418783,997583,377234,6,11,3,1,0,0,0,290,333,2,488,358,388,11,29,26,4,4,normal
-3408268965,36050786,424290,182632,8,9,0,0,0,0,0,59,102,1,231,128,179,12,36,30,5,5,normal
1332326967,70408543,1022208,443917,7,7,0,0,0,0,0,76,124,2,234,117,179,11,29,25,4,4,normal
1540045439,92337011,1207605,490647,3,5,0,0,0,0,0,78,111,5,301,162,187,7,26,25,1,1,normal
1321934506,78200631,1025218,408504,6,15,6,2,0,0,0,50,98,1,195,103,191,11,50,45,4,4,normal
-3589232203,53754063,571252,229516,6,6,0,0,0,0,0,80,118,2,308,109,220,7,70,69,3,3,normal
1464584700,105951917,1170508,485069,8,9,0,0,0,0,0,417,540,6,813,722,880,10,45,42,1,1,normal
595631982,38695204,488285,190118,3,2,0,0,0,0,0,2867,2891,1,3002,2883,2970,8,84,83,1,1,normal
1097871637,65537501,873447,337049,3,7,3,1,0,0,0,1928,1887,2,1960,1756,1743,8,35,30,2,2,normal
-3513210386,51223947,639369,353276,0,4,3,1,0,0,0,690,775,3,986,926,1055,10,32,29,3,3,normal
1638756509,90197550,1255267,394018,2,3,0,0,0,0,0,2908,2939,0,3120,2977,2979,7,18,17,1,1,httpFlood
1066663116,60874112,834713,338544,6,8,0,0,0,0,0,1827,1838,2,1816,1666,1698,9,21,19,2,2,httpFlood
559077769,36226296,445240,189642,6,7,0,0,0,0,0,58,89,4,217,124,161,7,30,33,1,1,normal
-2819370453,120325952,1207773,495503,1,10,6,2,0,0,0,73,116,1,265,116,177,9,39,31,3,3,normal
870206341,67489966,696451,299305,3,4,0,0,0,0,0,76,117,3,250,146,188,9,26,24,2,2,normal
894291475,61215573,688599,328114,6,9,0,0,0,0,0,53,84,6,246,129,163,13,32,26,6,6,normal
1318420005,102464474,1070419,459159,2,1,0,0,0,0,0,71,118,0,216,107,181,7,30,29,4,4,normal
-3071624566,80139093,953020,376017,5,9,3,1,0,0,0,83,116,2,233,128,190,11,33,28,2,2,normal
1050635818,68910910,825388,381681,3,8,3,1,0,0,0,301,349,3,432,328,414,7,37,37,0,0,normal
888351600,63027534,713837,289927,2,2,0,0,0,0,0,81,125,2,208,110,195,7,35,41,1,1,normal
1136043573,67759082,1089924,373597,4,5,0,0,0,0,0,82,126,2,332,169,203,8,33,25,2,2,normal
-3516479669,58475124,427485,140548,4,4,0,0,0,0,0,70,103,4,263,93,167,8,30,29,1,1,normal
903532349,98335748,1126236,417919,5,11,3,1,0,0,0,89,129,1,343,127,227,9,66,64,1,1,normal
1221728134,58972270,612412,249039,6,11,3,1,0,0,0,73,111,2,348,155,218,9,67,64,3,3,normal
635751675,59364638,522635,232038,4,4,0,0,0,0,0,68,87,6,216,98,169,13,43,37,6,7,normal
1008777717,62804618,798882,312191,5,5,0,0,0,0,0,82,132,1,226,116,198,9,33,30,3,2,normal
-3498712314,45768530,632369,481743,6,7,0,0,0,0,0,60,98,5,218,107,179,12,41,34,6,6,normal
1443320662,133060635,1186645,216342,2,11,6,2,0,0,0,324,353,2,458,359,426,11,44,46,4,4,normal
793906296,47218136,620232,256892,5,5,0,0,0,0,0,333,388,2,635,527,588,13,45,32,7,7,normal
678098459,42792840,1128193,434746,3,4,0,0,0,0,0,344,365,1,498,300,384,14,67,61,6,6,normal
-2937542588,85721557,510469,178571,2,2,0,0,0,0,0,98,114,5,357,143,219,10,101,97,4,4,normal
696772723,53089735,573116,201977,3,7,3,1,0,0,0,74,110,1,343,119,271,15,114,106,8,9,normal
689748238,42597900,550661,208203,3,8,3,1,0,0,0,62,95,2,325,119,250,16,119,109,10,10,normal
1396450582,75380118,1103107,374984,5,5,0,0,0,0,0,81,109,6,346,109,256,19,116,103,12,11,normal
876119962,53261382,718549,232064,6,7,0,0,0,0,0,77,113,1,316,121,264,12,114,108,7,7,normal
-3793064946,27378206,406967,131573,3,4,0,0,0,0,0,53,88,2,386,172,262,16,132,123,8,8,normal
1592037428,84860626,1255450,451921,6,10,6,2,0,0,0,299,375,2,556,364,523,7,123,122,1,1,normal
899852636,52239254,729568,239368,3,7,0,0,0,0,0,115,122,6,272,118,261,8,100,99,1,1,normal
