ifInOctets11_diff,ifOutOctets11_diff,ifOutDiscards11_diff,ifInUcastPkts11_diff,ifInNUcastPkts11_diff,ifInDiscards11_diff,ifOutUcastPkts11_diff,ifOutNUcastPkts11_diff,tcpOutRsts_diff,tcpInSegs_diff,tcpOutSegs_diff,tcpPassiveOpens_diff,tcpRetransSegs_diff,tcpCurrEstab_diff,tcpEstabResets_diff,tcpActiveOpens_diff,udpInDatagrams_diff,udpOutDatagrams_diff,udpInErrors_diff,udpNoPorts_diff,ipInReceives_diff,ipInDelivers_diff,ipOutRequests_diff,ipOutDiscards_diff,ipInDiscards_diff,ipForwDatagrams_diff,ipOutNoRoutes_diff,ipInAddrErrors_diff,icmpInMsgs_diff,icmpInDestUnreachs_diff,icmpOutMsgs_diff,icmpOutDestUnreachs_diff,icmpInEchos_diff,icmpOutEchoReps_diff,class

15444,23733,0,49,0,0,61,0,0,45,55,0,1,0,0,2,72,73,0,0,121,121,129,0,0,0,0,0,0,0,0,0,0,0,normal
4260,8257,0,47,0,0,55,0,0,31,32,0,0,0,0,0,147,98,0,0,116,116,127,0,0,0,0,0,0,0,0,0,0,0,normal
32802,44309,0,52,0,0,64,0,0,13,16,0,1,0,0,0,132,129,0,0,556,556,610,0,0,0,0,0,0,0,0,0,0,0,normal
4771937,663427,0,4347,0,0,2854,0,87,1831,1820,0,24,33,0,74,4846,2063,0,0,6754,6754,3585,0,0,0,0,0,0,0,0,0,0,0,normal
12116314,973317,0,10242,0,0,3174,0,3,1029,1022,0,13,24,1,24,8404,2076,856,1,10199,10199,2871,0,0,0,0,0,0,0,1,0,0,0,normal
12063256,903039,0,10982,0,0,2650,0,0,591,571,0,9,18,0,19,12302,3257,110,0,14218,14218,3961,0,0,0,0,0,0,0,0,0,0,0,normal
12210193,655440,0,10828,0,0,2816,0,0,407,416,0,14,11,0,12,1797,620,0,0,792,792,801,0,0,0,0,0,0,0,0,0,0,0,normal
1381154,179536,0,1361,0,0,1099,0,9,1012,980,0,12,6,0,9,355,187,0,0,1019,1019,955,0,0,0,0,0,0,0,0,0,0,0,normal
1995854,176677,0,1943,0,0,1920,0,5,1929,1724,0,14,-4,0,2,206,155,0,0,2387,2387,2131,0,0,0,0,0,0,0,0,0,0,0,normal
3019475,308978,0,2642,0,0,1416,0,4,1457,1351,0,9,-8,1,8,254,251,0,0,1516,1516,1457,0,0,0,0,0,0,0,0,0,0,0,normal
11220557,300105,0,9064,0,0,1969,0,3,362,357,0,9,0,0,1,8233,1640,459,0,8989,8989,1897,0,0,0,0,0,0,0,0,0,0,0,normal
782063,76491,0,882,0,0,624,0,0,755,501,0,2,2,0,3,135,128,0,0,846,846,634,0,0,0,0,0,0,0,0,0,0,0,normal
150178,44250,0,254,0,0,223,0,2,74,89,0,1,-14,1,1,124,110,0,0,151,151,155,0,0,0,0,0,0,0,0,0,0,0,normal
6150,12880,0,45,0,0,61,0,0,37,50,0,0,-1,0,0,79,79,0,0,105,105,116,0,0,0,0,0,0,0,0,0,0,0,normal
15690,14928,0,88,0,0,88,0,0,52,55,0,2,-5,4,1,110,112,0,0,168,168,172,0,0,0,0,0,0,0,0,0,0,0,normal
20431,18499,0,142,0,0,108,0,0,75,79,0,0,-3,2,0,99,82,0,0,163,163,155,0,0,0,0,0,0,0,0,0,0,0,normal
6628,9067,0,53,0,0,72,0,0,28,29,0,0,-1,0,0,96,101,0,0,125,125,129,0,0,0,0,0,0,0,0,0,0,0,normal
8293,16194,0,77,0,0,61,0,0,21,23,0,0,-3,3,0,123,105,0,0,120,120,133,0,0,0,0,0,0,0,0,0,0,0,normal
2908856,185266,0,2510,0,0,945,0,0,77,84,0,2,1,1,2,3386,1125,0,0,3465,3465,1201,0,0,0,0,0,0,0,0,0,0,0,normal
2238505,148411,0,1919,0,0,558,0,0,98,109,0,0,1,0,1,2205,739,0,0,2298,2298,842,0,0,0,0,0,0,0,0,0,0,0,normal
2660328,144772,0,2892,0,0,765,0,0,36,47,0,1,0,0,1,1936,414,0,0,1952,1952,450,0,0,0,0,0,0,0,0,0,0,0,normal
2422761,79205,0,1417,0,0,320,0,0,38,38,0,0,0,0,1,2053,451,0,0,2066,2066,481,0,0,0,0,0,0,0,0,0,0,0,normal
2161541,81133,0,1778,0,0,892,0,0,117,121,0,0,-1,1,0,1900,705,0,0,2004,2004,820,0,0,0,0,0,0,0,0,0,0,0,normal
2674912,192056,0,2307,0,0,669,0,0,17,26,0,1,-2,1,0,1629,947,0,0,1677,1677,1013,0,0,0,0,0,0,0,0,0,0,0,normal
2191924,177151,0,1872,0,0,1220,0,0,35,38,0,0,0,0,0,2019,1063,0,0,1919,1919,1062,0,0,0,0,0,0,0,0,0,0,0,normal
623735,44023,0,583,0,0,163,0,0,25,29,0,0,-1,1,0,622,189,0,0,624,624,224,0,0,0,0,0,0,0,0,0,0,0,normal
671586,41404,0,579,0,0,136,0,0,22,25,0,0,-2,0,0,621,184,0,0,598,598,199,0,0,0,0,0,0,0,0,0,0,0,normal
606103,37674,0,539,0,0,166,0,0,32,49,0,3,-3,0,0,609,178,0,0,638,638,227,0,0,0,0,0,0,0,0,0,0,0,normal
693196,35736,0,617,0,0,166,0,0,50,57,0,0,-7,0,1,369,126,0,0,417,417,187,0,0,0,0,0,0,0,0,0,0,0,normal
541068,30503,0,479,0,0,138,0,0,51,59,0,1,-7,0,1,615,194,0,0,937,937,303,0,0,0,0,0,0,0,0,0,0,0,normal
871553,54278,0,770,0,0,258,0,0,61,66,0,2,-4,0,0,778,214,0,0,787,787,273,0,0,0,0,0,0,0,0,0,0,0,normal
953565,49130,0,813,0,0,152,0,0,52,42,0,0,-1,0,0,920,238,0,0,740,740,249,0,0,0,0,0,0,0,0,0,0,0,normal
636749,54521,0,599,0,0,211,0,0,61,67,0,0,-3,0,0,707,218,0,0,728,728,254,0,0,0,0,0,0,0,0,0,0,0,normal
619057,24424,0,528,0,0,127,0,0,20,26,0,2,-1,0,0,993,346,0,0,1006,1006,374,0,0,0,0,0,0,0,0,0,0,0,normal
2553512,227465,0,2237,0,0,834,0,0,93,100,0,2,-5,1,1,1966,646,0,0,2047,2047,725,0,0,0,0,0,0,0,0,0,0,0,normal
1089921,88422,0,1016,0,0,374,0,0,91,111,0,2,-4,0,0,993,235,0,0,1051,1051,325,0,0,0,0,0,0,0,0,0,0,0,normal
2259635,73999,0,1836,0,0,285,0,0,38,43,0,1,-3,1,1,1437,318,0,0,1427,1427,356,0,0,0,0,0,0,0,0,0,0,0,normal
774589,21913,0,636,0,0,179,0,0,26,27,0,0,0,0,0,1221,219,0,0,1190,1190,243,0,0,0,0,0,0,0,0,0,0,0,normal
719996,28479,0,619,0,0,69,0,0,36,39,0,0,0,0,0,160,98,0,0,192,192,132,0,0,0,0,0,0,0,0,0,0,0,normal
8659,9845,0,42,0,0,32,0,0,24,32,0,0,0,0,0,83,73,0,0,107,107,107,0,0,0,0,0,0,0,0,0,0,0,normal
5146,7874,0,39,0,0,32,0,0,22,27,0,1,0,0,0,126,93,0,0,113,113,115,0,0,0,0,0,0,0,0,0,0,0,normal
44151,56144,0,80,0,0,86,0,0,13,18,0,0,0,0,0,156,119,0,0,124,124,131,0,0,0,0,0,0,0,0,0,0,0,normal
5464,9076,0,66,0,0,44,0,0,33,32,0,0,-2,0,0,238,79,0,0,121,121,115,0,0,0,0,0,0,0,0,0,0,0,normal
113643,25092,0,142,0,0,136,0,0,33,43,0,1,-1,0,1,188,175,0,0,211,211,212,0,0,0,0,0,0,0,0,0,0,0,normal
224955,50004,0,267,0,0,280,0,0,66,65,0,0,1,0,1,318,273,0,0,388,388,342,0,0,0,0,0,0,0,0,0,0,0,normal
58092,49074,0,196,0,0,102,0,0,21,26,0,0,0,0,0,168,130,0,0,177,177,147,0,0,0,0,0,0,0,0,0,0,0,normal
111272,29439,0,87,0,0,91,0,0,65,68,0,2,-1,0,1,247,90,0,0,169,169,157,0,0,0,0,0,0,0,0,0,0,0,normal
38484,15190,0,109,0,0,82,0,0,122,130,0,1,-1,1,0,3438,638,0,0,3528,3528,783,0,0,0,0,0,0,0,0,0,0,0,normal
4529460,161002,0,3669,0,0,751,0,0,61,68,0,0,0,0,0,399,165,0,0,431,431,200,0,0,0,0,0,0,0,0,0,0,0,normal
165985,27709,0,174,0,0,77,0,0,58,62,0,1,0,0,0,919,252,0,0,965,965,308,0,0,0,0,0,0,0,0,0,0,0,normal
1006674,50444,0,844,0,0,223,0,0,15,22,0,2,0,0,0,73,71,0,0,89,89,93,0,0,0,0,0,0,0,0,0,0,0,normal
3568,8052,0,27,0,0,52,0,0,37,39,0,1,0,0,2,81,75,0,0,120,120,120,0,0,0,0,0,0,0,0,0,0,0,normal
22931,26208,0,84,0,0,56,0,1,26,29,0,0,-1,0,0,90,95,0,0,109,108,114,0,0,0,0,0,0,0,0,0,0,0,normal
2441,7014,0,22,0,0,23,0,0,23,26,0,0,0,0,0,105,79,0,0,101,102,100,0,0,0,0,0,0,0,0,0,0,0,normal
38051,43585,0,64,0,0,63,0,0,18,24,0,0,0,0,0,178,107,0,0,132,132,130,0,0,0,0,0,0,0,0,0,0,0,normal
7773,9286,0,39,0,0,34,0,0,18,25,0,0,0,0,0,80,68,0,0,93,93,95,0,0,0,0,0,0,0,0,0,0,0,normal
4724,6771,0,34,0,0,24,0,0,32,34,0,0,-1,1,0,128,68,0,0,108,108,98,0,0,0,0,0,0,0,0,0,0,0,normal
8462,8858,0,59,0,0,45,0,0,29,33,0,0,0,0,0,101,73,0,0,109,109,102,0,0,0,0,0,0,0,0,0,0,0,normal
4149,7181,0,33,0,0,27,0,0,26,30,0,0,0,0,0,80,73,0,0,104,104,100,0,0,0,0,0,0,0,0,0,0,0,normal
7889,8555,0,58,0,0,37,0,0,15,20,0,0,0,0,0,208,76,0,0,101,101,94,0,0,0,0,0,0,0,0,0,0,0,normal
5581,6754,0,38,0,0,24,0,0,37,40,0,0,0,0,1,125,69,0,0,110,110,104,0,0,0,0,0,0,0,0,0,0,0,normal
15860,16640,0,67,0,0,53,0,5,35,38,0,0,-2,0,1,153,102,0,0,142,142,138,0,0,0,0,0,0,0,0,0,0,0,normal
10364,17120,0,55,0,0,55,0,0,15,17,0,0,0,0,0,98,95,0,0,110,110,113,0,0,0,0,0,0,0,0,0,0,0,normal
13681,18224,0,50,0,0,49,0,0,25,30,0,1,-1,0,0,81,68,0,0,98,98,94,0,0,0,0,0,0,0,0,0,0,0,normal
2737,6382,0,22,0,0,19,0,0,13,16,0,1,-2,1,0,68,72,0,0,83,83,90,0,0,0,0,0,0,0,0,0,0,0,normal
9098,16582,0,38,0,0,51,0,0,28,33,0,0,0,0,0,89,83,0,0,111,111,110,0,0,0,0,0,0,0,0,0,0,0,normal
4736,7611,0,35,0,0,29,0,0,20,20,0,0,-1,0,0,106,80,0,0,100,100,96,0,0,0,0,0,0,0,0,0,0,0,normal
4497,7645,0,36,0,0,32,0,0,28,31,0,0,-1,1,0,69,68,0,0,100,100,98,0,0,0,0,0,0,0,0,0,0,0,normal
10102,12029,0,47,0,0,40,0,0,22,24,0,0,0,0,0,91,80,0,0,105,105,102,0,0,0,0,0,0,0,0,0,0,0,normal
34670,35897,0,69,0,0,64,0,0,21,20,0,0,-1,0,0,119,117,0,0,152,152,148,0,0,0,0,0,0,0,0,0,0,0,normal
12291,11748,0,47,0,0,41,0,0,30,35,0,1,1,0,1,95,71,0,0,101,101,91,0,0,0,0,0,0,0,0,0,0,0,normal
7539,6840,0,38,0,0,24,0,0,22,24,0,0,0,0,0,73,68,0,0,102,102,99,0,0,0,0,0,0,0,0,0,0,0,normal
7651,7806,0,43,0,0,35,0,0,29,33,0,0,0,0,0,126,68,0,0,96,96,88,0,0,0,0,0,0,0,0,0,0,0,normal
4392,6955,0,31,0,0,24,0,0,18,19,0,0,0,0,0,84,72,0,0,96,96,96,0,0,0,0,0,0,0,0,0,0,0,normal
7968,8896,0,42,0,0,41,0,0,28,30,0,1,-2,0,0,108,85,0,0,114,114,107,0,0,0,0,0,0,0,0,0,0,0,normal
3155,8218,0,29,0,0,28,0,0,17,20,0,1,0,0,0,116,98,0,0,124,124,122,0,0,0,0,0,0,0,0,0,0,0,normal
21652,22610,0,59,0,0,57,0,0,33,36,0,1,-1,1,0,70,70,0,0,102,102,104,0,0,0,0,0,0,0,0,0,0,0,normal
12638,17709,0,58,0,0,61,0,0,43,48,0,4,1,0,1,80,68,0,0,114,114,115,0,0,0,0,0,0,0,0,0,0,0,normal
2912,6234,0,24,0,0,18,0,0,35,37,0,0,0,0,1,70,70,0,0,105,105,104,0,0,0,0,0,0,0,0,0,0,0,normal
10306,10941,0,38,0,0,35,0,0,13,15,0,1,0,0,0,72,68,0,0,83,83,81,0,0,0,0,0,0,0,0,0,0,0,normal
9029,14506,0,50,0,0,46,0,0,27,30,0,0,0,0,0,116,85,0,0,115,115,112,0,0,0,0,0,0,0,0,0,0,0,normal
48749,54102,0,79,0,0,84,0,0,23,28,0,0,0,0,0,137,120,0,0,141,141,153,0,0,0,0,0,0,0,0,0,0,0,normal
39703,42921,0,73,0,0,74,0,0,22,25,0,0,0,0,0,124,116,0,0,139,139,133,0,0,0,0,0,0,0,0,0,0,0,normal
2018,6043,0,12,0,0,16,0,0,13,16,0,0,0,0,0,82,70,0,0,82,82,82,0,0,0,0,0,0,0,0,0,0,0,normal
3594,8027,0,44,0,0,33,0,0,28,31,0,2,0,0,1,115,68,0,0,111,111,100,0,0,0,0,0,0,0,0,0,0,0,normal
6207,6981,0,41,0,0,26,0,0,22,24,0,0,0,0,0,80,68,0,0,96,96,94,0,0,0,0,0,0,0,0,0,0,0,normal
10946,12087,0,59,0,0,50,0,0,27,32,0,0,0,0,0,116,87,0,0,117,117,111,0,0,0,0,0,0,0,0,0,0,0,normal
9013,13843,0,53,0,0,52,0,0,35,39,0,1,0,0,1,79,79,0,0,118,118,120,0,0,0,0,0,0,0,0,0,0,0,normal
18172,18127,0,27,0,0,29,0,0,21,25,0,0,0,0,0,105,80,0,0,99,99,99,0,0,0,0,0,0,0,0,0,0,0,normal
31803,38690,0,57,0,0,68,0,0,23,25,0,0,0,0,0,111,109,0,0,130,130,132,0,0,0,0,0,0,0,0,0,0,0,normal
2614,6112,0,16,0,0,32,0,0,23,30,0,1,0,0,0,68,68,0,0,91,91,97,0,0,0,0,0,0,0,0,0,0,0,normal
4759,8559,0,32,0,0,22,0,0,18,21,0,0,0,0,0,70,70,0,0,91,91,90,0,0,0,0,0,0,0,0,0,0,0,normal
12418,17830,0,44,0,0,71,0,0,52,54,0,1,1,0,1,82,84,0,0,132,132,135,0,0,0,0,0,0,0,0,0,0,0,normal
8658,15061,0,50,0,0,22,0,0,17,18,0,0,0,0,0,96,74,0,0,92,92,89,0,0,0,0,0,0,0,0,0,0,0,normal
15779,10684,0,61,0,0,52,0,0,45,46,0,2,1,0,1,95,72,0,0,119,119,118,0,0,0,0,0,0,0,0,0,0,0,normal
5045,7034,0,27,0,0,20,0,0,16,19,0,0,0,0,0,102,70,0,0,88,88,85,0,0,0,0,0,0,0,0,0,0,0,normal
6745,12076,0,40,0,0,30,0,0,31,38,0,0,-1,0,1,115,85,0,0,121,121,129,0,0,0,0,0,0,0,0,0,0,0,normal
17016,13197,0,58,0,0,58,0,0,29,34,0,0,0,0,0,97,82,0,0,105,105,105,0,0,0,0,0,0,0,0,0,0,0,normal
5247,8675,0,25,0,0,35,0,0,10,13,0,1,0,0,0,85,84,0,0,86,86,100,0,0,0,0,0,0,0,0,0,0,0,normal
4311,9011,0,34,0,0,39,0,0,15,16,0,0,0,0,0,114,87,0,0,95,95,98,0,0,0,0,0,0,0,0,0,0,0,normal
3948,7806,0,27,0,0,28,0,0,12,16,0,1,0,0,0,140,77,0,0,93,93,93,0,0,0,0,0,0,0,0,0,0,0,normal
13576,13189,0,63,0,0,58,0,0,47,41,0,1,0,0,1,116,93,0,0,135,135,132,0,0,0,0,0,0,0,0,0,0,0,normal
2788,8474,0,27,0,0,30,0,0,40,40,0,0,2,0,2,113,111,0,0,152,152,156,0,0,0,0,0,0,0,0,0,0,0,normal
32859,33552,0,103,0,0,100,0,0,21,25,0,0,-1,0,0,96,85,0,0,113,113,112,0,0,0,0,0,0,0,0,0,0,0,normal
9817,11782,0,55,0,0,50,0,0,42,47,0,1,0,0,1,92,68,0,0,107,107,105,0,0,0,0,0,0,0,0,0,0,0,normal
11060,10572,0,42,0,0,35,0,0,34,36,0,0,0,0,1,77,68,0,0,104,104,102,0,0,0,0,0,0,0,0,0,0,0,normal
4254,8163,0,33,0,0,32,0,0,19,21,0,1,0,0,0,81,79,0,0,94,94,104,0,0,0,0,0,0,0,0,0,0,0,normal
2681,9715,0,21,0,0,41,0,0,9,13,0,0,0,0,0,131,123,0,0,124,124,136,0,0,0,0,0,0,0,0,0,0,0,normal
22989,28699,0,82,0,0,97,0,0,111,116,0,2,3,0,3,68,68,0,0,170,170,170,0,0,0,0,0,0,0,0,0,0,0,normal
43108,27217,0,105,0,0,93,0,0,43,42,0,0,1,0,1,78,78,0,0,122,122,119,0,0,0,0,0,0,0,0,0,0,0,normal
6629,7461,0,36,0,0,30,0,0,17,21,0,0,0,0,0,89,84,0,0,99,99,105,0,0,0,0,0,0,0,0,0,0,0,normal
19848,23356,0,86,0,0,82,0,0,64,69,0,1,2,0,2,85,69,0,0,139,139,134,0,0,0,0,0,0,0,0,0,0,0,normal
3845,6954,0,26,0,0,25,0,0,21,24,0,0,0,0,0,74,70,0,0,115,115,114,0,0,0,0,0,0,0,0,0,0,0,normal
9176,13797,0,52,0,0,47,0,0,41,45,0,0,1,0,1,86,72,0,0,89,89,89,0,0,0,0,0,0,0,0,0,0,0,normal
21155,27239,0,70,0,0,82,0,0,43,50,0,1,-1,0,1,92,92,0,0,140,140,148,0,0,0,0,0,0,0,0,0,0,0,normal
4575,9504,0,36,0,0,40,0,0,26,31,0,1,0,0,0,106,92,0,0,113,113,115,0,0,0,0,0,0,0,0,0,0,0,normal
8246,16468,0,30,0,0,38,0,0,11,16,0,0,0,0,0,80,78,0,0,87,87,89,0,0,0,0,0,0,0,0,0,0,0,normal
6940,15284,0,35,0,0,47,0,0,21,26,0,6,0,0,0,84,88,0,0,104,104,118,0,0,0,0,0,0,0,0,0,0,0,normal
3769,7789,0,38,0,0,32,0,0,22,22,0,1,0,0,1,69,68,0,0,91,91,89,0,0,0,0,0,0,0,0,0,0,0,normal
1980,6512,0,19,0,0,18,0,0,16,18,0,1,0,0,0,68,68,0,0,87,87,88,0,0,0,0,0,0,0,0,0,0,0,normal
3173,7169,0,25,0,0,26,0,0,18,20,0,0,0,0,0,98,76,0,0,91,91,91,0,0,0,0,0,0,0,0,0,0,0,normal
4964,7288,0,29,0,0,29,0,2,31,36,0,0,-1,0,0,68,68,0,0,99,99,103,0,0,0,0,0,0,0,0,0,0,0,normal
2723,7756,0,24,0,0,30,0,0,13,17,0,1,0,0,0,69,72,0,0,88,88,94,0,0,0,0,0,0,0,0,0,0,0,normal
16850,20045,0,60,0,0,59,0,0,36,39,0,0,0,0,1,85,89,0,0,113,113,116,0,0,0,0,0,0,0,0,0,0,0,normal
12971,17412,0,57,0,0,54,0,0,21,24,0,2,0,0,0,122,96,0,0,127,127,121,0,0,0,0,0,0,0,0,0,0,0,normal
3281,6482,0,17,0,0,20,0,0,13,17,0,0,0,0,0,69,69,0,0,82,82,85,0,0,0,0,0,0,0,0,0,0,0,normal
4243,7283,0,34,0,0,26,0,0,21,25,0,1,0,0,0,83,68,0,0,91,91,90,0,0,0,0,0,0,0,0,0,0,0,normal
1508,6295,0,17,0,0,18,0,0,14,19,0,1,-2,0,0,68,68,0,0,85,85,92,0,0,0,0,0,0,0,0,0,0,0,normal
4624,9181,0,32,0,0,41,0,0,25,28,0,1,-1,0,0,85,80,0,0,101,101,103,0,0,0,0,0,0,0,0,0,0,0,normal
10360,16504,0,48,0,0,47,0,0,24,31,0,0,0,0,0,113,89,0,0,119,119,115,0,0,0,0,0,0,0,0,0,0,0,normal
20203,29251,0,72,0,0,76,0,0,25,30,0,0,-2,0,0,112,115,0,0,147,147,154,0,0,0,0,0,0,0,0,0,0,0,normal
6412,9151,0,35,0,0,31,0,0,24,26,0,0,-1,0,0,72,72,0,0,105,105,105,0,0,0,0,0,0,0,0,0,0,0,normal
11715,11591,0,46,0,0,45,0,0,37,43,0,0,0,0,1,68,68,0,0,91,91,92,0,0,0,0,0,0,0,0,0,0,0,normal
3059,6470,0,18,0,0,21,0,0,17,20,0,0,0,0,0,71,70,0,0,88,88,88,0,0,0,0,0,0,0,0,0,0,0,normal
3807,11249,0,14,0,0,28,0,0,16,20,0,1,0,0,0,100,79,0,0,89,89,93,0,0,0,0,0,0,0,0,0,0,0,normal
3096,6856,0,19,0,0,22,0,0,19,21,0,0,0,0,0,68,68,0,0,88,88,88,0,0,0,0,0,0,0,0,0,0,0,normal
3465,6152,0,16,0,0,61,0,0,22,27,0,1,0,0,0,103,102,0,0,130,130,132,0,0,0,0,0,0,0,0,0,0,0,normal
31726,37315,0,111,0,0,57,0,0,41,43,0,0,0,0,0,91,87,0,0,129,129,125,0,0,0,0,0,0,0,0,0,0,0,normal
4395,6672,0,23,0,0,20,0,0,14,17,0,1,0,0,0,81,74,0,0,85,85,88,0,0,0,0,0,0,0,0,0,0,0,normal
2531,6612,0,16,0,0,21,0,0,11,14,0,1,0,0,0,68,74,0,0,80,80,88,0,0,0,0,0,0,0,0,0,0,0,normal
3418,7740,0,28,0,0,30,0,0,19,21,0,1,-1,0,0,82,73,0,0,89,89,93,0,0,0,0,0,0,0,0,0,0,0,normal
26562,27685,0,77,0,0,76,0,0,51,55,0,0,1,0,1,103,103,0,0,151,151,157,0,0,0,0,0,0,0,0,0,0,0,normal
8179,15529,0,40,0,0,55,0,0,16,19,0,1,0,0,0,105,95,0,0,107,107,110,0,0,0,0,0,0,0,0,0,0,0,normal
3042,7828,0,19,0,0,26,0,0,22,25,0,1,0,0,0,70,70,0,0,93,93,97,0,0,0,0,0,0,0,0,0,0,0,normal
2101948,100054,0,1752,0,0,463,0,0,60,68,0,1,2,0,2,1876,486,0,0,1934,1934,545,0,0,0,0,0,0,0,0,0,0,0,normal
511834,27143,0,435,0,0,97,0,0,12,16,0,0,0,0,0,630,156,0,0,636,636,172,0,0,0,0,0,0,0,0,0,0,0,normal
1106409,36747,0,886,0,0,189,0,0,20,23,0,0,0,0,0,670,203,0,0,693,693,230,0,0,0,0,0,0,0,0,0,0,0,normal
445013,24917,0,395,0,0,117,0,0,52,48,0,0,1,0,1,713,245,0,0,741,741,286,0,0,0,0,0,0,0,0,0,0,0,normal
13525,15618,0,40,0,0,47,0,1331453,2662930,1331489,0,0,0,0,1,95,87,0,0,2704132,2704133,1352131,0,0,0,0,0,0,0,0,0,0,0,tcp-syn
10813,24229,0,46,0,0,57,0,1430371,2860795,1430428,0,2,-1,0,0,72,73,0,0,2779488,2779488,1389807,0,0,0,0,0,0,0,0,0,0,0,tcp-syn
8156,14910,0,53,0,0,46,0,1405332,2810680,1405351,0,0,0,0,0,80,95,0,0,2891094,2891093,1445625,0,0,0,0,0,0,0,0,0,0,0,tcp-syn
55314,17510,0,132,0,0,109,0,1440340,2880747,1440415,0,2,0,0,3,305,76,0,0,2825518,2825519,1412810,0,0,0,0,0,0,0,0,0,0,0,tcp-syn
13293,12653,0,75,0,0,36,0,1327898,2655811,1327915,0,0,0,0,0,169,112,0,0,2626819,2626819,1313472,0,0,0,0,0,0,0,0,0,0,0,tcp-syn
27809,26974,0,94,0,0,88,0,1364862,2729802,1364942,0,1,2,0,2,159,78,0,0,2762730,2762730,1381442,0,0,0,0,0,0,0,0,0,0,0,tcp-syn
30035,15051,0,79,0,0,65,0,1352174,2704368,1352197,0,0,0,0,0,99,86,0,0,2681341,2681341,1340728,0,0,0,0,0,0,0,0,0,0,0,tcp-syn
40263,19825,0,81,0,0,69,0,1397835,2795712,1397879,0,0,0,0,1,142,97,0,0,2785141,2785141,1392633,0,0,0,0,0,0,0,0,0,0,0,tcp-syn
1342549,108836,0,1529,0,0,398,0,1224440,2448952,1224519,0,0,2,0,2,2018,387,0,1,2568227,2568227,1283486,0,0,0,0,0,0,0,1,0,0,0,tcp-syn
453832,38197,0,1468,0,0,178,0,1416857,2833750,1416899,0,0,1,0,1,1732,218,0,0,2824982,2824982,1411899,0,0,0,0,0,0,0,0,0,0,0,tcp-syn
538221,59832,0,1788,0,0,171,0,1370368,2740774,1370405,0,0,0,0,0,1733,204,0,0,2712243,2712243,1355479,0,0,0,0,0,0,0,0,0,0,0,tcp-syn
457858,119155,0,1959,0,0,382,0,1385354,2770746,1385400,0,0,-2,0,0,1670,424,0,0,2783442,2783441,1391370,0,0,0,0,0,0,0,0,0,0,0,tcp-syn
289113,82221,0,592,0,0,256,0,1332676,2665381,1332708,0,0,0,0,0,687,357,0,0,2628319,2628320,1314177,0,0,0,0,0,0,0,0,0,0,0,tcp-syn
201784,69815,0,751,0,0,249,0,1286930,2573901,1286975,0,0,0,0,0,495,235,0,0,2617768,2617768,1308879,0,0,0,0,0,0,0,0,0,0,0,tcp-syn
95446,100361,0,372,0,0,457,0,1349507,2699111,1349603,0,1,1,0,4,2721,811,0,0,2714326,2714326,1356655,0,0,0,0,0,0,0,0,0,0,0,tcp-syn
3225466,232196,0,2837,0,0,816,0,1300457,2600977,1300522,0,0,0,0,0,1539,683,0,0,2677005,2677005,1338401,0,0,0,0,0,0,0,0,0,0,0,tcp-syn
1929999,158762,0,1961,0,0,613,0,1386192,2772439,1386255,0,1,0,0,0,988,449,0,0,2633915,2633915,1317021,0,0,0,0,0,0,0,0,0,0,0,tcp-syn
230714,146855,0,604,0,0,504,0,1372299,2744632,1372336,0,0,0,0,0,602,560,0,0,2873746,2873746,1437245,0,0,0,0,0,0,0,0,0,0,0,tcp-syn
678966,160420,0,541,0,0,543,0,1415291,2830647,1415358,0,0,2,0,2,809,383,0,0,2688017,2688017,1343947,0,0,0,0,0,0,0,0,0,0,0,tcp-syn
555345,64467,0,848,0,0,160,0,1326716,2653467,1326755,0,0,0,0,0,709,319,0,0,2695789,2695789,1347937,0,0,0,0,0,0,0,0,0,0,0,tcp-syn
491064,189880,0,635,0,0,590,0,1327920,2655879,1327962,0,0,0,0,0,685,590,0,0,2671466,2671465,1336004,0,0,0,0,0,0,0,0,0,0,0,tcp-syn
373065,142178,0,585,0,0,618,0,1305365,2610764,1305401,0,0,-1,0,0,826,648,0,0,2617206,2617206,1308856,0,0,0,0,0,0,0,0,0,0,0,tcp-syn
516749,169569,0,573,0,0,336,0,1342792,2685626,1342840,0,0,1,0,1,948,552,0,0,2712192,2712193,1356241,0,0,0,0,0,0,0,0,0,0,0,tcp-syn
744846,219705,0,831,0,0,722,0,1368995,2738023,1369033,0,1,-1,0,0,591,662,0,0,2776496,2776496,1388623,0,0,0,0,0,0,0,0,0,0,0,tcp-syn
527778,89776,0,721,0,0,306,0,1408098,2816230,1408137,0,0,0,0,0,649,254,0,0,2682322,2682322,1341122,0,0,0,0,0,0,0,0,0,0,0,tcp-syn
188292,56241,0,620,0,0,209,0,1370316,2740672,1370360,0,0,-2,1,0,559,101,0,0,2769707,2769707,1384714,0,0,0,0,0,0,0,0,0,0,0,tcp-syn
74769,40813,0,334,0,0,137,0,1307559,2615148,1307592,0,0,0,0,0,264,212,0,0,2610931,2610931,1305589,0,0,0,0,0,0,0,0,0,0,0,tcp-syn
24493,108304,0,127,0,0,505,0,1377871,2755781,1377913,0,0,0,0,0,254,537,0,0,2774745,2774745,1387794,0,0,0,0,0,0,0,0,0,0,0,tcp-syn
52684,137357,0,254,0,0,269,0,1345608,2691243,1345640,0,1,0,0,0,355,266,0,0,2678269,2678269,1339229,0,0,0,0,0,0,0,0,0,0,0,tcp-syn
93577,86336,0,442,0,0,310,0,1317288,2634624,1317342,0,0,-1,0,1,384,432,0,0,2637024,2637024,1318792,0,0,0,0,0,0,0,0,0,0,0,tcp-syn
150042,138984,0,386,0,0,406,0,1269366,2538790,1269428,0,0,0,0,0,566,390,0,0,2587977,2587976,1294112,0,0,0,0,0,0,0,0,0,0,0,tcp-syn
150351,46017,0,531,0,0,200,0,1306456,2612956,1306505,0,0,0,0,0,349,193,0,0,2600297,2600297,1300196,0,0,0,0,0,0,0,0,0,0,0,tcp-syn
77716,36043,0,335,0,0,145,0,1272409,2544851,1272446,0,1,0,0,0,309,243,0,0,2584527,2584528,1292404,0,0,0,0,0,0,0,0,0,0,0,tcp-syn
112334,60423,0,435,0,0,253,0,1316488,2633045,1316562,0,0,-2,0,2,494,137,0,0,2551331,2551331,1275579,0,0,0,0,0,0,0,0,0,0,0,tcp-syn
41565,52868,0,226,0,0,198,0,1218908,2437854,1218947,0,0,0,0,0,157,368,0,0,2489280,2489280,1245020,0,0,0,0,0,0,0,0,0,0,0,tcp-syn
55180,230203,0,195,0,0,762,0,1400542,2801142,1400609,0,0,2,0,2,200,670,0,0,2742334,2742334,1371716,0,0,0,0,0,0,0,0,0,0,0,tcp-syn
42433,123253,0,256,0,0,232,0,1372071,2744195,1372128,0,0,0,0,1,241,215,0,0,2271707,2271707,1135977,0,0,0,0,0,0,0,0,0,0,0,tcp-syn
118675,35260,0,453,0,0,109893,0,1669,217411,216775,0,1028,0,0,2,383,291,0,0,376951,376950,375045,0,0,0,0,0,0,0,0,0,0,0,tcp-syn
10954,40821344,0,82,0,0,364821,0,5576,724751,720495,0,1330,0,0,0,118,541,0,1,748316,748316,744584,0,0,0,0,0,0,0,1,0,0,0,tcp-syn
6186,38402563,0,48,0,0,446468,0,5905,767730,762913,0,1106,-2,0,2,72,367,0,0,732950,732950,728671,0,0,0,0,0,0,0,0,0,0,0,tcp-syn
2733,32967748,0,32,0,0,383329,0,5369,714151,710287,0,1514,0,0,2,78,124,0,1,713071,713072,709578,0,0,0,0,0,0,0,1,0,0,0,tcp-syn
28540,30756426,0,158,0,0,357615,0,5033,651418,648174,0,1804,1,0,3,213,151,0,0,634769,634769,631362,0,0,0,0,0,0,0,0,0,0,0,tcp-syn
15977,26826640,0,93,0,0,311865,0,5515,708922,705181,0,1843,7,0,13,144,157,0,0,724878,724878,721439,0,0,0,0,0,0,0,0,0,0,0,tcp-syn
8857,32444665,0,59,0,0,377222,0,5526,724109,720407,0,1881,2,1,4,113,125,0,0,725943,725943,721987,0,0,0,0,0,0,0,0,0,0,0,tcp-syn
1393,36747949,0,16,0,0,427268,0,6075,777896,773509,0,1710,1,0,4,70,116,0,0,783363,783362,779280,0,0,0,0,0,0,0,0,0,0,0,tcp-syn
2400,31848464,0,28,0,0,370314,0,5750,735789,731602,0,1608,-6,0,8,71,103,0,0,667393,667394,631454,0,0,0,0,0,0,0,0,0,0,0,tcp-syn
2429327,11082578,0,1886,0,0,127660,0,1106056,2230940,1125495,0,647,1,1,9,268,125,0,1,2728975,2728975,1364960,0,0,0,0,0,0,0,1,0,0,0,tcp-syn
1153622,104307,0,1642,0,0,337,0,1328943,2658037,1329131,0,38,5,0,5,1411,287,0,0,2625069,2625068,1312424,0,0,0,0,0,0,0,0,0,0,0,tcp-syn
257114,110177,0,903,0,0,617,0,1331784,2663721,1332180,0,262,5,0,5,771,299,0,0,2675588,2675588,1337811,0,0,0,0,0,0,0,0,0,0,0,tcp-syn
314543,119101,0,947,0,0,318,0,1357968,2716007,1358034,0,3,0,0,1,948,231,0,0,2615476,2615477,1307528,0,0,0,0,0,0,0,0,0,0,0,tcp-syn
203853,25065,0,767,0,0,97,0,1288796,2577614,1288820,0,1,0,0,0,810,158,0,0,2664834,2664834,1332181,0,0,0,0,0,0,0,0,0,0,0,tcp-syn
195765,46817,0,733,0,0,148,0,1336318,2672787,1336462,0,4,0,0,5,735,172,0,0,2722417,2722417,1361255,0,0,0,0,0,0,0,0,0,0,0,tcp-syn
1707079,170998,0,2044,0,0,1123,0,1350389,2701665,1351282,0,1,5,0,5,1050,233,0,0,2681403,2681403,1340716,0,0,0,0,0,0,0,0,0,0,0,tcp-syn
203489,154580,0,998,0,0,600,0,1383049,2766436,1383377,0,1,4,1,10,891,613,0,0,2769463,2769463,1385163,0,0,0,0,0,0,0,0,0,0,0,tcp-syn
1521896,484186,0,2159,0,0,1199,0,1360989,2722596,1361604,0,1,10,2,15,612,417,0,0,2662261,2662260,1331342,0,0,0,0,0,0,0,0,0,0,0,tcp-syn
301052,86616,0,888,0,0,272,0,1338776,2677625,1338851,0,1,0,0,1,966,366,0,0,2620012,2620012,1309943,0,0,0,0,0,0,0,0,0,0,0,tcp-syn
100422,145891,0,442,0,0,564,0,1306660,2613371,1306712,0,0,-1,0,0,394,427,0,0,2640302,2640303,1320401,0,0,0,0,0,0,0,0,0,0,0,tcp-syn
140556,91544,0,603,0,0,211,0,1384069,2768176,1384104,0,0,-1,0,0,656,216,0,0,2820354,2820354,1410072,0,0,0,0,0,0,0,0,0,0,0,tcp-syn
181811,76890,0,721,0,0,289,0,1368097,2736240,1368148,0,1,0,0,0,715,329,0,0,2685816,2685815,1342909,0,0,0,0,0,0,0,0,0,0,0,tcp-syn
148462,15397,0,1366,0,0,572,0,1389493,2779426,1389959,0,1,19,0,30,1263,528,0,0,2883843,2883843,1442139,0,0,0,0,0,0,0,0,0,0,0,tcp-syn
933940,473155,0,1239,0,0,781,0,1399277,2798853,1399550,0,0,4,0,5,986,192,0,0,2675039,2675040,1337322,0,0,0,0,0,0,0,0,0,0,0,tcp-syn
309828,62769,0,1253,0,0,228,0,1351005,2702202,1351201,0,1,1,0,1,892,147,0,0,2772057,2772056,1385807,0,0,0,0,0,0,0,0,0,0,0,tcp-syn
226473,47526,0,879,0,0,374,0,1368516,2737208,1368695,0,2,0,0,3,908,202,0,0,2682606,2682607,1341156,0,0,0,0,0,0,0,0,0,0,0,tcp-syn
244045,226280,0,955,0,0,255,0,1323475,2646994,1323524,0,0,0,0,0,650,441,0,0,2642317,2642317,1321346,0,0,0,0,0,0,0,0,0,0,0,tcp-syn
91092,154627,0,406,0,0,636,0,1327542,2655146,1327608,0,0,0,0,0,659,541,0,0,2685805,2685805,1343141,0,0,0,0,0,0,0,0,0,0,0,tcp-syn
182874,191530,0,735,0,0,433,0,1291792,2583660,1291864,0,0,-4,3,1,761,376,0,0,2616465,2616465,1308227,0,0,0,0,0,0,0,0,0,0,0,tcp-syn
186881,16654,0,851,0,0,88,0,1404827,2809705,1404883,0,0,-1,0,0,764,99,0,0,2759809,2759809,1379706,0,0,0,0,0,0,0,0,0,0,0,tcp-syn
234242,140626,0,698,0,0,264,0,1332240,2664554,1332317,0,1,-1,0,1,822,255,0,0,2722507,2722507,1361133,0,0,0,0,0,0,0,0,0,0,0,tcp-syn
13525,15618,0,40,0,0,47,0,1331453,2662930,1331489,0,0,0,0,1,95,87,0,0,2704132,2704133,1352131,0,0,0,0,0,0,0,0,0,0,0,tcp-syn
10813,24229,0,46,0,0,57,0,1430371,2860795,1430428,0,2,-1,0,0,72,73,0,0,2779488,2779488,1389807,0,0,0,0,0,0,0,0,0,0,0,tcp-syn
8156,14910,0,53,0,0,46,0,1405332,2810680,1405351,0,0,0,0,0,80,95,0,0,2891094,2891093,1445625,0,0,0,0,0,0,0,0,0,0,0,tcp-syn
55314,17510,0,132,0,0,109,0,1440340,2880747,1440415,0,2,0,0,3,305,76,0,0,2825518,2825519,1412810,0,0,0,0,0,0,0,0,0,0,0,tcp-syn
13293,12653,0,75,0,0,36,0,1327898,2655811,1327915,0,0,0,0,0,169,112,0,0,2626819,2626819,1313472,0,0,0,0,0,0,0,0,0,0,0,tcp-syn
27809,26974,0,94,0,0,88,0,1364862,2729802,1364942,0,1,2,0,2,159,78,0,0,2762730,2762730,1381442,0,0,0,0,0,0,0,0,0,0,0,tcp-syn
30035,15051,0,79,0,0,65,0,1352174,2704368,1352197,0,0,0,0,0,99,86,0,0,2681341,2681341,1340728,0,0,0,0,0,0,0,0,0,0,0,tcp-syn
40263,19825,0,81,0,0,69,0,1397835,2795712,1397879,0,0,0,0,1,142,97,0,0,2785141,2785141,1392633,0,0,0,0,0,0,0,0,0,0,0,tcp-syn
1342549,108836,0,1529,0,0,398,0,1224440,2448952,1224519,0,0,2,0,2,2018,387,0,1,2568227,2568227,1283486,0,0,0,0,0,0,0,1,0,0,0,tcp-syn
453832,38197,0,1468,0,0,178,0,1416857,2833750,1416899,0,0,1,0,1,1732,218,0,0,2824982,2824982,1411899,0,0,0,0,0,0,0,0,0,0,0,tcp-syn
538221,59832,0,1788,0,0,171,0,1370368,2740774,1370405,0,0,0,0,0,1733,204,0,0,2712243,2712243,1355479,0,0,0,0,0,0,0,0,0,0,0,tcp-syn
457858,119155,0,1959,0,0,382,0,1385354,2770746,1385400,0,0,-2,0,0,1670,424,0,0,2783442,2783441,1391370,0,0,0,0,0,0,0,0,0,0,0,tcp-syn
289113,82221,0,592,0,0,256,0,1332676,2665381,1332708,0,0,0,0,0,687,357,0,0,2628319,2628320,1314177,0,0,0,0,0,0,0,0,0,0,0,tcp-syn
201784,69815,0,751,0,0,249,0,1286930,2573901,1286975,0,0,0,0,0,495,235,0,0,2617768,2617768,1308879,0,0,0,0,0,0,0,0,0,0,0,tcp-syn
95446,100361,0,372,0,0,457,0,1349507,2699111,1349603,0,1,1,0,4,2721,811,0,0,2714326,2714326,1356655,0,0,0,0,0,0,0,0,0,0,0,tcp-syn
3225466,232196,0,2837,0,0,816,0,1300457,2600977,1300522,0,0,0,0,0,1539,683,0,0,2677005,2677005,1338401,0,0,0,0,0,0,0,0,0,0,0,tcp-syn
192999,158762,0,1961,0,0,613,0,1386192,2772439,1386255,0,1,0,0,0,988,449,0,0,2633915,2633915,1317021,0,0,0,0,0,0,0,0,0,0,0,tcp-syn
230714,146855,0,604,0,0,504,0,1372299,2744632,1372336,0,0,0,0,0,602,560,0,0,2873746,2873746,1437245,0,0,0,0,0,0,0,0,0,0,0,tcp-syn
678966,160420,0,541,0,0,543,0,1415291,2830647,1415358,0,0,2,0,2,809,383,0,0,2688017,2688017,1343947,0,0,0,0,0,0,0,0,0,0,0,tcp-syn
555345,64467,0,848,0,0,160,0,1326716,2653467,1326755,0,0,0,0,0,709,319,0,0,2695789,2695789,1347937,0,0,0,0,0,0,0,0,0,0,0,tcp-syn
491064,189880,0,635,0,0,590,0,1327920,2655879,1327962,0,0,0,0,0,685,590,0,0,2671466,2671465,1336004,0,0,0,0,0,0,0,0,0,0,0,tcp-syn
373065,142178,0,585,0,0,618,0,1305365,2610764,1305401,0,0,-1,0,0,826,648,0,0,2617206,2617206,1308856,0,0,0,0,0,0,0,0,0,0,0,tcp-syn
516749,169569,0,573,0,0,336,0,1342792,2685626,1342840,0,0,1,0,1,948,552,0,0,2712192,2712193,1356241,0,0,0,0,0,0,0,0,0,0,0,tcp-syn
744846,219705,0,831,0,0,722,0,1368995,2738023,1369033,0,1,-1,0,0,591,662,0,0,2776496,2776496,1388623,0,0,0,0,0,0,0,0,0,0,0,tcp-syn
527778,89776,0,721,0,0,306,0,1408098,2816230,1408137,0,0,0,0,0,649,254,0,0,2682322,2682322,1341122,0,0,0,0,0,0,0,0,0,0,0,tcp-syn
188292,56241,0,620,0,0,209,0,1370316,2740672,1370360,0,0,-2,1,0,559,101,0,0,2769707,2769707,1384714,0,0,0,0,0,0,0,0,0,0,0,tcp-syn
74769,40813,0,334,0,0,137,0,1307559,2615148,1307592,0,0,0,0,0,264,212,0,0,2610931,2610931,1305589,0,0,0,0,0,0,0,0,0,0,0,tcp-syn
24493,108304,0,127,0,0,505,0,1377871,2755781,1377913,0,0,0,0,0,254,537,0,0,2774745,2774745,1387794,0,0,0,0,0,0,0,0,0,0,0,tcp-syn
52684,137357,0,254,0,0,269,0,1345608,2691243,1345640,0,1,0,0,0,355,266,0,0,2678269,2678269,1339229,0,0,0,0,0,0,0,0,0,0,0,tcp-syn
93577,86336,0,442,0,0,310,0,1317288,2634624,1317342,0,0,-1,0,1,384,432,0,0,2637024,2637024,1318792,0,0,0,0,0,0,0,0,0,0,0,tcp-syn
150042,138984,0,386,0,0,406,0,1269366,2538790,1269428,0,0,0,0,0,566,390,0,0,2587977,2587976,1294112,0,0,0,0,0,0,0,0,0,0,0,tcp-syn
150351,46017,0,531,0,0,200,0,1306456,2612956,1306505,0,0,0,0,0,349,193,0,0,2600297,2600297,1300196,0,0,0,0,0,0,0,0,0,0,0,tcp-syn
77716,36043,0,335,0,0,145,0,1272409,2544851,1272446,0,1,0,0,0,309,243,0,0,2584527,2584528,1292404,0,0,0,0,0,0,0,0,0,0,0,tcp-syn
112334,60423,0,435,0,0,253,0,1316488,2633045,1316562,0,0,-2,0,2,494,137,0,0,2551331,2551331,1275579,0,0,0,0,0,0,0,0,0,0,0,tcp-syn
41565,52868,0,226,0,0,198,0,1218908,2437854,1218947,0,0,0,0,0,157,368,0,0,2489280,2489280,1245020,0,0,0,0,0,0,0,0,0,0,0,tcp-syn
55180,230203,0,195,0,0,762,0,1400542,2801142,1400609,0,0,2,0,2,200,670,0,0,2742334,2742334,1371716,0,0,0,0,0,0,0,0,0,0,0,tcp-syn
42433,123253,0,256,0,0,232,0,1372071,2744195,1372128,0,0,0,0,1,241,215,0,0,2271707,2271707,1135977,0,0,0,0,0,0,0,0,0,0,0,tcp-syn
118675,35260,0,453,0,0,109893,0,1669,217411,216775,0,1028,0,0,2,383,291,0,0,376951,376950,375045,0,0,0,0,0,0,0,0,0,0,0,tcp-syn
10954,40821344,0,82,0,0,364821,0,5576,724751,720495,0,1330,0,0,0,118,541,0,1,748316,748316,744584,0,0,0,0,0,0,0,1,0,0,0,tcp-syn
6186,38402563,0,48,0,0,446468,0,5905,767730,762913,0,1106,-2,0,2,72,367,0,0,732950,732950,728671,0,0,0,0,0,0,0,0,0,0,0,tcp-syn
2733,3296778,0,32,0,0,383329,0,5369,714151,710287,0,1514,0,0,2,78,124,0,1,713071,713072,709578,0,0,0,0,0,0,0,1,0,0,0,tcp-syn
28540,30756426,0,158,0,0,357615,0,5033,651418,648174,0,1804,1,0,3,213,151,0,0,634769,634769,631362,0,0,0,0,0,0,0,0,0,0,0,tcp-syn
15977,26826640,0,93,0,0,311865,0,5515,708922,705181,0,1843,7,0,13,144,157,0,0,724878,724878,721439,0,0,0,0,0,0,0,0,0,0,0,tcp-syn
8857,32444665,0,59,0,0,377222,0,5526,724109,720407,0,1881,2,1,4,113,125,0,0,725943,725943,721987,0,0,0,0,0,0,0,0,0,0,0,tcp-syn
1393,36747949,0,16,0,0,427268,0,6075,777896,773509,0,1710,1,0,4,70,116,0,0,783363,783362,779280,0,0,0,0,0,0,0,0,0,0,0,tcp-syn
2400,31848464,0,28,0,0,370314,0,5750,735789,731602,0,1608,-6,0,8,71,103,0,0,667393,667394,631454,0,0,0,0,0,0,0,0,0,0,0,tcp-syn
242932,1108258,0,1886,0,0,127660,0,1106056,2230940,1125495,0,647,1,1,9,268,125,0,1,2728975,2728975,1364960,0,0,0,0,0,0,0,1,0,0,0,tcp-syn
1153622,104307,0,1642,0,0,337,0,1328943,2658037,1329131,0,38,5,0,5,1411,287,0,0,2625069,2625068,1312424,0,0,0,0,0,0,0,0,0,0,0,tcp-syn
257114,110177,0,903,0,0,617,0,1331784,2663721,1332180,0,262,5,0,5,771,299,0,0,2675588,2675588,1337811,0,0,0,0,0,0,0,0,0,0,0,tcp-syn
314543,119101,0,947,0,0,318,0,1357968,2716007,1358034,0,3,0,0,1,948,231,0,0,2615476,2615477,1307528,0,0,0,0,0,0,0,0,0,0,0,tcp-syn
203853,25065,0,767,0,0,97,0,1288796,2577614,1288820,0,1,0,0,0,810,158,0,0,2664834,2664834,1332181,0,0,0,0,0,0,0,0,0,0,0,tcp-syn
195765,46817,0,733,0,0,148,0,1336318,2672787,1336462,0,4,0,0,5,735,172,0,0,2722417,2722417,1361255,0,0,0,0,0,0,0,0,0,0,0,tcp-syn
1707079,170998,0,2044,0,0,1123,0,1350389,2701665,1351282,0,1,5,0,5,1050,233,0,0,2681403,2681403,1340716,0,0,0,0,0,0,0,0,0,0,0,tcp-syn
203489,154580,0,998,0,0,600,0,1383049,2766436,1383377,0,1,4,1,10,891,613,0,0,2769463,2769463,1385163,0,0,0,0,0,0,0,0,0,0,0,tcp-syn
1521896,484186,0,2159,0,0,1199,0,1360989,2722596,1361604,0,1,10,2,15,612,417,0,0,2662261,2662260,1331342,0,0,0,0,0,0,0,0,0,0,0,tcp-syn
301052,86616,0,888,0,0,272,0,1338776,2677625,1338851,0,1,0,0,1,966,366,0,0,2620012,2620012,1309943,0,0,0,0,0,0,0,0,0,0,0,tcp-syn
100422,145891,0,442,0,0,564,0,1306660,2613371,1306712,0,0,-1,0,0,394,427,0,0,2640302,2640303,1320401,0,0,0,0,0,0,0,0,0,0,0,tcp-syn
140556,91544,0,603,0,0,211,0,1384069,2768176,1384104,0,0,-1,0,0,656,216,0,0,2820354,2820354,1410072,0,0,0,0,0,0,0,0,0,0,0,tcp-syn
181811,76890,0,721,0,0,289,0,1368097,2736240,1368148,0,1,0,0,0,715,329,0,0,2685816,2685815,1342909,0,0,0,0,0,0,0,0,0,0,0,tcp-syn
148462,15397,0,1366,0,0,572,0,1389493,2779426,1389959,0,1,19,0,30,1263,528,0,0,2883843,2883843,1442139,0,0,0,0,0,0,0,0,0,0,0,tcp-syn
933940,473155,0,1239,0,0,781,0,1399277,2798853,1399550,0,0,4,0,5,986,192,0,0,2675039,2675040,1337322,0,0,0,0,0,0,0,0,0,0,0,tcp-syn
309828,62769,0,1253,0,0,228,0,1351005,2702202,1351201,0,1,1,0,1,892,147,0,0,2772057,2772056,1385807,0,0,0,0,0,0,0,0,0,0,0,tcp-syn
226473,47526,0,879,0,0,374,0,1368516,2737208,1368695,0,2,0,0,3,908,202,0,0,2682606,2682607,1341156,0,0,0,0,0,0,0,0,0,0,0,tcp-syn
244045,226280,0,955,0,0,255,0,1323475,2646994,1323524,0,0,0,0,0,650,441,0,0,2642317,2642317,1321346,0,0,0,0,0,0,0,0,0,0,0,tcp-syn
91092,154627,0,406,0,0,636,0,1327542,2655146,1327608,0,0,0,0,0,659,541,0,0,2685805,2685805,1343141,0,0,0,0,0,0,0,0,0,0,0,tcp-syn
182874,191530,0,735,0,0,433,0,1291792,2583660,1291864,0,0,-4,3,1,761,376,0,0,2616465,2616465,1308227,0,0,0,0,0,0,0,0,0,0,0,tcp-syn
186881,16654,0,851,0,0,88,0,1404827,2809705,1404883,0,0,-1,0,0,764,99,0,0,2759809,2759809,1379706,0,0,0,0,0,0,0,0,0,0,0,tcp-syn
234242,14026,0,698,0,0,264,0,1332240,2664554,1332317,0,1,-1,0,1,822,255,0,0,2722507,2722507,1361133,0,0,0,0,0,0,0,0,0,0,0,tcp-syn
87101,26024,0,340,0,0,121,0,0,27,32,0,1,0,0,0,371,96,0,1071106,2289036,2289035,1144462,0,0,0,0,0,1202430,1202431,1202431,0,0,0,udp-flood
97124,19698,0,344,0,0,83,0,0,28,30,0,0,0,0,0,352,233,0,1194978,2384729,2384730,1192459,0,0,0,0,0,1185227,1185226,1185226,0,0,0,udp-flood
76242,89314,0,298,0,0,453,0,0,72,77,0,1,1,0,4,289,448,0,1168545,2349908,2349908,1175288,0,0,0,0,0,1197736,1197736,1197736,0,0,0,udp-flood
150511,202439,0,269,0,0,478,0,0,71,80,0,0,2,0,2,4029,1228,0,1244977,2512231,2512230,1255010,0,0,0,0,0,1284323,1284323,1284323,0,0,0,udp-flood
6105537,304696,0,5490,0,0,1323,0,0,133,134,0,0,2,0,2,1911,417,0,1228605,2437629,2437630,1218630,0,0,0,0,0,1162947,1162947,1162947,0,0,0,udp-flood
626902,96230,0,753,0,0,200,0,0,29,32,0,0,0,0,0,826,338,0,1252270,2509114,2509114,1254513,0,0,0,0,0,1259396,1259396,1259397,0,0,0,udp-flood
430886,48775,0,610,0,0,200,0,0,27,29,0,0,0,0,0,732,194,0,1262449,2514763,2514763,1257238,0,0,0,0,0,1259773,1259773,1259772,0,0,0,udp-flood
536743,45521,0,760,0,0,174,0,0,29,32,0,0,0,0,0,684,167,0,1229468,2459224,2459223,1229458,0,0,0,0,0,1230170,1230170,1230170,0,0,0,udp-flood
409575,31986,0,522,0,0,110,0,2,170,162,0,0,5,0,6,597,253,0,1258499,2557898,2557899,1279028,0,0,0,0,0,1279023,1279023,1279023,0,0,0,udp-flood
1228745,182248,0,1220,0,0,679,0,5,204,202,0,5,2,0,4,481,468,0,1219131,2425364,2425363,1213000,0,0,0,0,0,1223260,1223260,1223261,0,0,0,udp-flood
640097,185555,0,598,0,0,630,0,0,45,50,0,0,0,0,0,495,596,0,1258022,2546376,2546376,1273626,0,0,0,0,0,1259287,1259287,1259286,0,0,0,udp-flood
619392,205846,0,902,0,0,548,0,2,116,123,0,1,0,0,1,990,438,0,1315627,2627688,2627689,1313736,0,0,0,0,0,1325132,1325132,1325132,0,0,0,udp-flood
541923,107783,0,1032,0,0,364,0,1,33,40,0,0,-3,0,1,1239,514,0,1278769,2545042,2545042,1272481,0,0,0,0,0,1290628,1290628,1290628,0,0,0,udp-flood
1571405,499990,0,2451,0,0,1259,0,0,617,563,0,8,8,0,8,1553,764,0,1221781,2443987,2443987,1222066,0,0,0,0,0,1188510,1188510,1188510,0,0,0,udp-flood
666823,140134,0,1369,0,0,735,0,0,286,216,0,0,-2,2,0,1030,487,0,1123033,2205701,2205700,1102938,0,0,0,0,0,1117891,1117891,1117891,0,0,0,udp-flood
3517890,410612,0,3079,0,0,1569,0,0,930,813,0,8,9,0,10,2611,915,0,1260444,2581747,2581748,1290768,0,0,0,0,0,1316252,1316252,1316252,0,0,0,udp-flood
5478135,541011,0,5667,0,0,1793,0,0,244,236,0,2,1,0,3,5651,2057,0,1182772,2356190,2356189,1177407,0,0,0,0,0,1162179,1162179,1162179,0,0,0,udp-flood
3827393,254772,0,4155,0,0,1643,0,0,37,40,0,0,0,0,0,4257,1780,0,1227517,2455589,2455590,1227580,0,0,0,0,0,1230780,1230780,1230780,0,0,0,udp-flood
3704213,303419,0,4809,0,0,2126,0,0,52,52,0,0,0,0,0,4320,1686,0,1236188,2470601,2470601,1234812,0,0,0,0,0,1229308,1229308,1229308,0,0,0,udp-flood
6517396,453212,0,5968,0,0,2137,0,0,169,158,0,0,0,0,5,6347,2508,0,1230197,2478261,2478261,1238541,0,0,0,0,0,1236367,1236367,1236368,0,0,0,udp-flood
4363918,524210,0,4363,0,0,2266,0,0,69,72,0,0,-1,0,0,4401,2341,0,1234630,2460095,2460095,1230237,0,0,0,0,0,1222312,1222312,1222312,0,0,0,udp-flood
3923329,455549,0,5127,0,0,2467,0,0,99,83,0,1,1,0,1,4670,2072,0,1255938,2532220,2532219,1265798,0,0,0,0,0,1263759,1263759,1263758,0,0,0,udp-flood
5037656,430667,0,4484,0,0,1813,0,0,88,93,0,0,1,0,2,5558,2015,0,941625,1706829,1706830,852700,0,0,0,0,0,674251,674251,674251,0,0,0,udp-flood
3781085,15938921,0,4764,0,0,140200,0,0,57,61,0,8,-2,1,0,2964,1553,0,569068,667733,667733,227868,0,0,0,0,0,1988,1988,257845,0,0,0,udp-flood
1435726,57227204,0,1669,0,0,195255,0,0,72,74,0,4,0,1,1,1433,738,0,1013593,990155,990155,255627,0,0,0,0,0,1868,1868,243818,0,0,0,udp-flood
227425,63866434,0,591,0,0,292732,0,0,40,50,0,5,0,0,0,695,658,0,986552,988222,988222,248907,0,0,0,0,0,1948,1948,254983,0,0,0,udp-flood
228080,58642063,0,716,0,0,268780,0,0,23,35,0,7,0,0,0,730,525,0,1012317,1008348,1008348,252875,0,0,0,0,0,1995,1995,251460,0,0,0,udp-flood
149488,38499231,0,459,0,0,220301,0,0,73,73,0,7,-1,3,3,639,949,0,1029587,1033597,1033597,187028,0,0,0,0,0,1407,1407,182440,0,0,0,udp-flood
624941,44525464,0,1008,0,0,159507,0,2,51,62,0,4,-3,0,1,777,855,0,1026321,1029381,1029381,221953,0,0,0,0,0,1754,1754,228854,0,0,0,udp-flood
157278,60352225,0,468,0,0,276327,0,0,26,34,0,8,1,0,1,463,753,0,995186,1004541,1004541,249644,0,0,0,0,0,1988,1988,247998,0,0,0,udp-flood
468546,41582971,0,771,0,0,263051,0,2,70,84,0,17,-3,0,4,962,476,0,982952,981631,981630,274869,0,0,0,0,0,2054,2054,268636,0,0,0,udp-flood
3290116,62673518,0,3738,0,0,215112,0,0,83,84,0,6,0,0,0,4272,1675,0,971635,978449,978450,218267,0,0,0,0,0,1839,1839,238574,0,0,0,udp-flood
1153002,53492687,0,1508,0,0,320165,0,0,32,40,0,5,-1,0,0,1123,741,0,913135,915646,915646,311272,0,0,0,0,0,2433,2433,322402,0,0,0,udp-flood
494773,65918321,0,904,0,0,300645,0,0,40,52,0,5,0,0,1,779,374,0,976667,971659,971659,291904,0,0,0,0,0,2126,2126,269359,0,0,0,udp-flood
227145,61133631,0,699,0,0,206986,0,0,35,49,0,6,-1,0,1,694,491,0,1044111,1054897,1054896,208551,0,0,0,0,0,1513,1513,194957,0,0,0,udp-flood
264571,41647132,0,674,0,0,190605,0,0,68,67,0,6,-1,0,1,582,563,0,1021724,1020598,1020599,222932,0,0,0,0,0,1839,1839,231426,0,0,0,udp-flood
195997,49217334,0,439,0,0,288718,0,0,53,62,0,4,-3,0,1,652,552,0,953871,959921,959920,281129,0,0,0,0,0,2362,2362,304149,0,0,0,udp-flood
257206,74035005,0,629,0,0,275925,0,0,119,127,0,29,3,0,5,337,395,0,942865,948887,948888,287775,0,0,0,0,0,2114,2114,265712,0,0,0,udp-flood
72162,41354212,0,168,0,0,243768,0,0,73,79,0,10,1,0,2,210,228,0,1032993,1031120,1031119,192340,0,0,0,0,0,1426,1426,180275,0,0,0,udp-flood
129513,49896195,0,258,0,0,174419,0,0,46,47,0,2,-2,0,0,220,224,0,1006019,1010452,1010453,235732,0,0,0,0,0,1967,1967,243313,0,0,0,udp-flood
114259,43991796,0,985,0,0,201876,0,4,90,101,0,3,-4,0,3,2025,638,0,994627,1572231,1572231,670143,0,0,0,0,0,705217,705217,773123,0,0,0,udp-flood
2238635,201731,0,1163,0,0,428,0,0,41,45,0,1,0,0,0,200,204,0,1283192,2557726,2557726,1278990,0,0,0,0,0,1272262,1272262,1272262,0,0,0,udp-flood
795477,96029,0,777,0,0,260,0,0,70,76,0,1,0,0,1,2341,581,0,1250158,2523875,2523874,1261455,0,0,0,0,0,1285437,1285437,1285436,0,0,0,udp-flood
1828721,224415,0,1722,0,0,575,0,0,69,84,0,1,0,0,0,371,273,0,1270514,2536784,2536784,1268561,0,0,0,0,0,1260400,1260400,1260401,0,0,0,udp-flood
115119,137595,0,440,0,0,385,0,0,78,80,0,4,1,0,2,410,322,0,1210432,2419859,2419860,1210109,0,0,0,0,0,1217069,1217069,1217069,0,0,0,udp-flood
213889,126103,0,233,0,0,208,0,0,44,45,0,0,-1,0,0,351,238,0,1229229,2451882,2451882,1226064,0,0,0,0,0,1220180,1220180,1220179,0,0,0,udp-flood
156061,105971,0,342,0,0,325,0,0,81,79,0,0,2,1,3,408,294,0,1191336,2398168,2398167,1199257,0,0,0,0,0,1217073,1217073,1217074,0,0,0,udp-flood
139429,104214,0,313,0,0,218,0,0,95,91,0,3,-2,0,1,290,224,0,1172421,2337274,2337274,1168780,0,0,0,0,0,1154534,1154534,1154533,0,0,0,udp-flood
107287,115992,0,257,0,0,365,0,0,120,128,0,0,2,0,4,291,274,0,1287892,2563250,2563251,1281812,0,0,0,0,0,1280357,1280357,1280358,0,0,0,udp-flood
111339,132610,0,325,0,0,195,0,0,52,54,0,0,-3,2,0,203,201,0,1286447,2571859,2571859,1286065,0,0,0,0,0,1276085,1276085,1276085,0,0,0,udp-flood
60071,96771,0,169,0,0,170,0,0,38,39,0,0,0,0,0,193,196,0,1235208,2491318,2491318,1245773,0,0,0,0,0,1242080,1242080,1242079,0,0,0,udp-flood
87101,26024,0,340,0,0,121,0,0,27,32,0,1,0,0,0,371,96,0,1071106,2289036,2289035,1144462,0,0,0,0,0,1202430,1202431,1202431,0,0,0,udp-flood
97124,19698,0,344,0,0,83,0,0,28,30,0,0,0,0,0,352,233,0,1194978,2384729,2384730,1192459,0,0,0,0,0,1185227,1185226,1185226,0,0,0,udp-flood
76242,89314,0,298,0,0,453,0,0,72,77,0,1,1,0,4,289,448,0,1168545,2349908,2349908,1175288,0,0,0,0,0,1197736,1197736,1197736,0,0,0,udp-flood
150511,202439,0,269,0,0,478,0,0,71,80,0,0,2,0,2,4029,1228,0,1244977,2512231,2512230,1255010,0,0,0,0,0,1284323,1284323,1284323,0,0,0,udp-flood
6105537,304696,0,5490,0,0,1323,0,0,133,134,0,0,2,0,2,1911,417,0,1228605,2437629,2437630,1218630,0,0,0,0,0,1162947,1162947,1162947,0,0,0,udp-flood
626902,96230,0,753,0,0,200,0,0,29,32,0,0,0,0,0,826,338,0,1252270,2509114,2509114,1254513,0,0,0,0,0,1259396,1259396,1259397,0,0,0,udp-flood
430886,48775,0,610,0,0,200,0,0,27,29,0,0,0,0,0,732,194,0,1262449,2514763,2514763,1257238,0,0,0,0,0,1259773,1259773,1259772,0,0,0,udp-flood
536743,45521,0,760,0,0,174,0,0,29,32,0,0,0,0,0,684,167,0,1229468,2459224,2459223,1229458,0,0,0,0,0,1230170,1230170,1230170,0,0,0,udp-flood
409575,31986,0,522,0,0,110,0,2,170,162,0,0,5,0,6,597,253,0,1258499,2557898,2557899,1279028,0,0,0,0,0,1279023,1279023,1279023,0,0,0,udp-flood
1228745,182248,0,1220,0,0,679,0,5,204,202,0,5,2,0,4,481,468,0,1219131,2425364,2425363,1213000,0,0,0,0,0,1223260,1223260,1223261,0,0,0,udp-flood
640097,185555,0,598,0,0,630,0,0,45,50,0,0,0,0,0,495,596,0,1258022,2546376,2546376,1273626,0,0,0,0,0,1259287,1259287,1259286,0,0,0,udp-flood
619392,205846,0,902,0,0,548,0,2,116,123,0,1,0,0,1,990,438,0,1315627,2627688,2627689,1313736,0,0,0,0,0,1325132,1325132,1325132,0,0,0,udp-flood
541923,107783,0,1032,0,0,364,0,1,33,40,0,0,-3,0,1,1239,514,0,1278769,2545042,2545042,1272481,0,0,0,0,0,1290628,1290628,1290628,0,0,0,udp-flood
1571405,499990,0,2451,0,0,1259,0,0,617,563,0,8,8,0,8,1553,764,0,1221781,2443987,2443987,1222066,0,0,0,0,0,1188510,1188510,1188510,0,0,0,udp-flood
666823,140134,0,1369,0,0,735,0,0,286,216,0,0,-2,2,0,1030,487,0,1123033,2205701,2205700,1102938,0,0,0,0,0,1117891,1117891,1117891,0,0,0,udp-flood
3517890,410612,0,3079,0,0,1569,0,0,930,813,0,8,9,0,10,2611,915,0,1260444,2581747,2581748,1290768,0,0,0,0,0,1316252,1316252,1316252,0,0,0,udp-flood
5478135,541011,0,5667,0,0,1793,0,0,244,236,0,2,1,0,3,5651,2057,0,1182772,2356190,2356189,1177407,0,0,0,0,0,1162179,1162179,1162179,0,0,0,udp-flood
3827393,254772,0,4155,0,0,1643,0,0,37,40,0,0,0,0,0,4257,1780,0,1227517,2455589,2455590,1227580,0,0,0,0,0,1230780,1230780,1230780,0,0,0,udp-flood
3704213,303419,0,4809,0,0,2126,0,0,52,52,0,0,0,0,0,4320,1686,0,1236188,2470601,2470601,1234812,0,0,0,0,0,1229308,1229308,1229308,0,0,0,udp-flood
6517396,453212,0,5968,0,0,2137,0,0,169,158,0,0,0,0,5,6347,2508,0,1230197,2478261,2478261,1238541,0,0,0,0,0,1236367,1236367,1236368,0,0,0,udp-flood
4363918,524210,0,4363,0,0,2266,0,0,69,72,0,0,-1,0,0,4401,2341,0,1234630,2460095,2460095,1230237,0,0,0,0,0,1222312,1222312,1222312,0,0,0,udp-flood
3923329,455549,0,5127,0,0,2467,0,0,99,83,0,1,1,0,1,4670,2072,0,1255938,2532220,2532219,1265798,0,0,0,0,0,1263759,1263759,1263758,0,0,0,udp-flood
5037656,430667,0,4484,0,0,1813,0,0,88,93,0,0,1,0,2,5558,2015,0,941625,1706829,1706830,852700,0,0,0,0,0,674251,674251,674251,0,0,0,udp-flood
3781085,15938921,0,4764,0,0,140200,0,0,57,61,0,8,-2,1,0,2964,1553,0,569068,667733,667733,227868,0,0,0,0,0,1988,1988,257845,0,0,0,udp-flood
1435726,57227204,0,1669,0,0,195255,0,0,72,74,0,4,0,1,1,1433,738,0,1013593,990155,990155,255627,0,0,0,0,0,1868,1868,243818,0,0,0,udp-flood
227425,63866434,0,591,0,0,292732,0,0,40,50,0,5,0,0,0,695,658,0,986552,988222,988222,248907,0,0,0,0,0,1948,1948,254983,0,0,0,udp-flood
228080,58642063,0,716,0,0,268780,0,0,23,35,0,7,0,0,0,730,525,0,1012317,1008348,1008348,252875,0,0,0,0,0,1995,1995,251460,0,0,0,udp-flood
149488,38499231,0,459,0,0,220301,0,0,73,73,0,7,-1,3,3,639,949,0,1029587,1033597,1033597,187028,0,0,0,0,0,1407,1407,182440,0,0,0,udp-flood
624941,44525464,0,1008,0,0,159507,0,2,51,62,0,4,-3,0,1,777,855,0,1026321,1029381,1029381,221953,0,0,0,0,0,1754,1754,228854,0,0,0,udp-flood
157278,60352225,0,468,0,0,276327,0,0,26,34,0,8,1,0,1,463,753,0,995186,1004541,1004541,249644,0,0,0,0,0,1988,1988,247998,0,0,0,udp-flood
468546,41582971,0,771,0,0,263051,0,2,70,84,0,17,-3,0,4,962,476,0,982952,981631,981630,274869,0,0,0,0,0,2054,2054,268636,0,0,0,udp-flood
3290116,62673518,0,3738,0,0,215112,0,0,83,84,0,6,0,0,0,4272,1675,0,971635,978449,978450,218267,0,0,0,0,0,1839,1839,238574,0,0,0,udp-flood
1153002,53492687,0,1508,0,0,320165,0,0,32,40,0,5,-1,0,0,1123,741,0,913135,915646,915646,311272,0,0,0,0,0,2433,2433,322402,0,0,0,udp-flood
494773,65918321,0,904,0,0,300645,0,0,40,52,0,5,0,0,1,779,374,0,976667,971659,971659,291904,0,0,0,0,0,2126,2126,269359,0,0,0,udp-flood
227145,61133631,0,699,0,0,206986,0,0,35,49,0,6,-1,0,1,694,491,0,1044111,1054897,1054896,208551,0,0,0,0,0,1513,1513,194957,0,0,0,udp-flood
264571,41647132,0,674,0,0,190605,0,0,68,67,0,6,-1,0,1,582,563,0,1021724,1020598,1020599,222932,0,0,0,0,0,1839,1839,231426,0,0,0,udp-flood
195997,49217334,0,439,0,0,288718,0,0,53,62,0,4,-3,0,1,652,552,0,953871,959921,959920,281129,0,0,0,0,0,2362,2362,304149,0,0,0,udp-flood
257206,74035005,0,629,0,0,275925,0,0,119,127,0,29,3,0,5,337,395,0,942865,948887,948888,287775,0,0,0,0,0,2114,2114,265712,0,0,0,udp-flood
72162,41354212,0,168,0,0,243768,0,0,73,79,0,10,1,0,2,210,228,0,1032993,1031120,1031119,192340,0,0,0,0,0,1426,1426,180275,0,0,0,udp-flood
129513,49896195,0,258,0,0,174419,0,0,46,47,0,2,-2,0,0,220,224,0,1006019,1010452,1010453,235732,0,0,0,0,0,1967,1967,243313,0,0,0,udp-flood
114259,43991796,0,985,0,0,201876,0,4,90,101,0,3,-4,0,3,2025,638,0,994627,1572231,1572231,670143,0,0,0,0,0,705217,705217,773123,0,0,0,udp-flood
223865,2017311,0,1163,0,0,428,0,0,41,45,0,1,0,0,0,200,204,0,1283192,2557726,2557726,1278990,0,0,0,0,0,1272262,1272262,1272262,0,0,0,udp-flood
795477,96029,0,777,0,0,260,0,0,70,76,0,1,0,0,1,2341,581,0,1250158,2523875,2523874,1261455,0,0,0,0,0,1285437,1285437,1285436,0,0,0,udp-flood
1828721,224415,0,1722,0,0,575,0,0,69,84,0,1,0,0,0,371,273,0,1270514,2536784,2536784,1268561,0,0,0,0,0,1260400,1260400,1260401,0,0,0,udp-flood
115119,137595,0,440,0,0,385,0,0,78,80,0,4,1,0,2,410,322,0,1210432,2419859,2419860,1210109,0,0,0,0,0,1217069,1217069,1217069,0,0,0,udp-flood
213889,126103,0,233,0,0,208,0,0,44,45,0,0,-1,0,0,351,238,0,1229229,2451882,2451882,1226064,0,0,0,0,0,1220180,1220180,1220179,0,0,0,udp-flood
156061,105971,0,342,0,0,325,0,0,81,79,0,0,2,1,3,408,294,0,1191336,2398168,2398167,1199257,0,0,0,0,0,1217073,1217073,1217074,0,0,0,udp-flood
139429,104214,0,313,0,0,218,0,0,95,91,0,3,-2,0,1,290,224,0,1172421,2337274,2337274,1168780,0,0,0,0,0,1154534,1154534,1154533,0,0,0,udp-flood
107287,115992,0,257,0,0,365,0,0,120,128,0,0,2,0,4,291,274,0,1287892,2563250,2563251,1281812,0,0,0,0,0,1280357,1280357,1280358,0,0,0,udp-flood
111339,132610,0,325,0,0,195,0,0,52,54,0,0,-3,2,0,203,201,0,1286447,2571859,2571859,1286065,0,0,0,0,0,1276085,1276085,1276085,0,0,0,udp-flood
60071,96771,0,169,0,0,170,0,0,38,39,0,0,0,0,0,193,196,0,1235208,2491318,2491318,1245773,0,0,0,0,0,1242080,1242080,1242079,0,0,0,udp-flood
5907,3292,0,35,0,0,23,0,0,14,14,0,0,0,0,0,84,72,0,0,2501561,2501561,1250820,0,0,0,0,0,2486590,0,2486590,1243295,1243295,1243295,icmp-echo
3266,7082,0,27,0,0,26,0,0,22,24,0,0,0,0,0,113,120,0,0,2549459,2549460,1274808,0,0,0,0,0,2563676,0,2563676,1281839,1281838,1281838,icmp-echo
22160,30653,0,81,0,0,82,0,0,39,42,0,0,-1,0,1,103,80,0,0,2576443,2576443,1288274,0,0,0,0,0,2555534,0,2555536,1277767,1277767,1277768,icmp-echo
14451,11699,0,57,0,0,44,0,0,18,20,0,0,0,0,0,82,70,0,0,2561508,2561508,1280802,0,0,0,0,0,2566972,0,2566971,1283486,1283486,1283486,icmp-echo
9624,11892,0,49,0,0,37,0,0,22,24,0,0,0,0,0,129,91,0,0,2553110,2553110,1276602,0,0,0,0,0,2570094,0,2570093,1285046,1285047,1285046,icmp-echo
5344,9164,0,40,0,0,43,0,0,20,25,0,0,-1,1,0,85,76,0,0,2549957,2549957,1275031,0,0,0,0,0,2541534,0,2541535,1270768,1270767,1270767,icmp-echo
3509,8216,0,32,0,0,36,0,0,17,18,0,0,0,0,0,111,96,0,0,2550967,2550966,1275540,0,0,0,0,0,2551800,0,2551800,1275900,1275900,1275900,icmp-echo
8674,18366,0,42,0,0,57,0,0,24,24,0,0,-1,1,0,98,92,0,0,2543749,2543749,1271931,0,0,0,0,0,2543544,0,2543544,1271772,1271772,1271773,icmp-echo
47500,58923,0,100,0,0,90,0,0,15,15,0,0,-1,1,0,148,145,0,0,2539502,2539503,1269838,0,0,0,0,0,2537258,0,2537258,1268629,1268629,1268629,icmp-echo
16292,25682,0,47,0,0,50,0,0,16,20,0,1,0,0,0,99,95,0,0,2533490,2533490,1266795,0,0,0,0,0,2524054,0,2524054,1262027,1262027,1262027,icmp-echo
17121,15010,0,87,0,0,52,0,0,39,46,0,0,1,0,1,243,81,0,0,2500468,2500468,1250290,0,0,0,0,0,2527061,0,2527061,1263530,1263531,1263530,icmp-echo
22328,23910,0,85,0,0,75,0,0,50,57,0,0,0,0,1,103,81,0,0,2473575,2473575,1236852,0,0,0,0,0,2454231,0,2454230,1227115,1227115,1227115,icmp-echo
4377,7210,0,33,0,0,26,0,0,41,46,0,0,1,0,1,107,88,0,0,2447816,2447815,1223972,0,0,0,0,0,2479406,0,2479406,1239703,1239703,1239703,icmp-echo
18197,23881,0,79,0,0,79,0,0,20,23,0,1,0,0,0,90,82,0,0,2555164,2555165,1277634,0,0,0,0,0,2586268,0,2586268,1293134,1293134,1293134,icmp-echo
6660,12157,0,39,0,0,34,0,0,22,23,0,0,0,0,0,121,119,0,0,2508968,2508968,1254552,0,0,0,0,0,2458158,0,2458158,1229079,1229079,1229079,icmp-echo
24235,32088,0,80,0,0,84,0,0,30,31,0,1,1,0,1,94,83,0,0,2317332,2317332,1158725,0,0,0,0,0,2321772,0,2321772,1160886,1160886,1160886,icmp-echo
4739,7258,0,27,0,0,67,0,0,32,35,0,1,-1,0,1,182,113,0,0,2458515,2458515,1229337,0,0,0,0,0,2430924,0,2430924,1215462,1215462,1215462,icmp-echo
29921,30425,0,116,0,0,77,0,0,43,51,0,0,0,0,1,116,76,0,0,2483525,2483525,1241817,0,0,0,0,0,2496714,0,2496714,1248358,1248357,1248357,icmp-echo
8650,9001,0,60,0,0,25,0,0,21,24,0,2,0,0,0,103,75,0,0,2501134,2501134,1250617,0,0,0,0,0,2514552,0,2514552,1257276,1257276,1257276,icmp-echo
18522,12983,0,63,0,0,56,0,0,36,39,0,0,0,0,1,92,86,0,0,2548836,2548836,1274481,0,0,0,0,0,2536522,0,2536522,1268260,1268261,1268261,icmp-echo
8514,16817,0,40,0,0,47,0,0,27,37,0,0,0,0,1,110,104,0,0,2505007,2505007,1252570,0,0,0,0,0,2490084,0,2490084,1245043,1245042,1245042,icmp-echo
36611,41097,0,92,0,0,94,0,0,18,21,0,0,0,0,0,134,127,0,0,2497126,2497126,1248643,0,0,0,0,0,2509554,0,2509554,1254776,1254777,1254777,icmp-echo
7897,12497,0,44,0,0,42,0,0,16,21,0,1,0,0,0,87,71,0,0,2490030,2490029,1245054,0,0,0,0,0,2494130,0,2494132,1247066,1247066,1247066,icmp-echo
3077,6588,0,32,0,0,21,0,0,11,13,0,0,0,0,0,85,78,0,0,2503697,2503698,1251896,0,0,0,0,0,2512202,0,2512200,1256100,1256100,1256100,icmp-echo
2473,7209,0,22,0,0,28,0,0,16,21,0,0,0,0,0,73,73,0,0,2512654,2512654,1256371,0,0,0,0,0,2499569,0,2499570,1249785,1249785,1249785,icmp-echo
3572,6631,0,24,0,0,20,0,0,19,22,0,1,0,0,0,99,77,0,0,2502121,2502121,1251107,0,0,0,0,0,2492673,0,2492672,1246336,1246336,1246336,icmp-echo
2912,7279,0,28,0,0,28,0,0,19,20,0,0,0,0,0,70,70,0,0,2505428,2505428,1252759,0,0,0,0,0,2551713,0,2551714,1275857,1275857,1275857,icmp-echo
1495267,199022,0,1430,0,0,619,0,0,86,88,0,3,2,0,4,1917,799,0,0,2308094,2308094,1153938,0,0,0,0,0,2306001,0,2306000,1153000,1153000,1153000,icmp-echo
1228529,174046,0,1205,0,0,541,0,0,91,76,0,0,0,0,1,764,358,0,0,2315533,2315533,1157755,0,0,0,0,0,2300894,0,2300894,1150447,1150447,1150447,icmp-echo
1331080,205229,0,1296,0,0,419,0,0,16,18,0,0,0,0,0,1472,560,0,0,2362844,2362843,1181267,0,0,0,0,0,2393298,0,2393298,1196649,1196649,1196649,icmp-echo
969266,185051,0,1024,0,0,472,0,0,40,47,0,0,-1,0,0,1276,539,0,0,2431077,2431077,1215456,0,0,0,0,0,2389480,0,2389480,1194740,1194740,1194740,icmp-echo
564995,141233,0,1123,0,0,516,0,0,26,29,0,0,0,0,0,791,459,0,0,2386788,2386789,1193381,0,0,0,0,0,2394946,0,2394946,1197473,1197473,1197473,icmp-echo
1016844,187277,0,608,0,0,347,0,0,31,31,0,0,0,0,0,1052,460,0,0,2424549,2424549,1212329,0,0,0,0,0,2415134,0,2415135,1207568,1207567,1207568,icmp-echo
1118369,114796,0,1035,0,0,334,0,0,25,26,0,0,-1,1,0,1794,501,0,0,2442539,2442538,1220885,0,0,0,0,0,2463892,0,2463893,1231946,1231947,1231946,icmp-echo
2407166,159640,0,2107,0,0,571,0,0,32,34,0,0,0,0,0,2154,546,0,0,2475208,2475209,1237091,0,0,0,0,0,2440844,0,2440842,1220421,1220421,1220421,icmp-echo
2619637,125940,0,2210,0,0,481,0,0,58,59,0,1,0,0,2,1681,407,0,0,2473387,2473387,1236353,0,0,0,0,0,2491144,0,2491144,1245573,1245572,1245572,icmp-echo
3300324,77776,0,2702,0,0,501,0,0,35,41,0,0,-1,0,0,2227,403,0,0,2501889,2501889,1250283,0,0,0,0,0,2487803,0,2487804,1243901,1243902,1243902,icmp-echo
1799042,42225,0,1468,0,0,225,0,0,24,28,0,1,0,0,0,1818,293,0,0,2368906,2368906,1183892,0,0,0,0,0,2424104,0,2424104,1212052,1212052,1212052,icmp-echo
456011,28096,0,424,0,0,108,0,0,26,28,0,0,0,0,0,638,158,0,0,2385650,2385650,1192732,0,0,0,0,0,2330674,0,2330674,1165337,1165337,1165337,icmp-echo
652372,37340,0,560,0,0,130,0,0,17,18,0,0,0,0,0,358,155,0,0,2330629,2330629,1165261,0,0,0,0,0,2321087,0,2321086,1160544,1160543,1160543,icmp-echo
230539,23380,0,220,0,0,137,0,0,46,51,0,0,0,1,1,429,157,0,0,2538138,2538137,1269079,0,0,0,0,0,2614430,0,2614430,1307215,1307215,1307215,icmp-echo
670817,52643,0,608,0,0,141,0,0,28,34,0,0,-1,1,0,394,150,0,0,2351722,2351723,1175832,0,0,0,0,0,2295144,0,2295144,1147572,1147572,1147572,icmp-echo
545649,50469,0,495,0,0,183,0,0,55,53,0,0,0,0,1,716,240,0,0,2379409,2379409,1189617,0,0,0,0,0,2391362,0,2391363,1195681,1195681,1195682,icmp-echo
555685,34481,0,490,0,0,162,0,0,37,38,0,0,0,0,1,500,151,0,0,2384669,2384669,1192254,0,0,0,0,0,2353853,0,2353853,1176926,1176927,1176926,icmp-echo
583860,34489,0,497,0,0,75,0,0,21,24,0,1,0,0,0,391,137,0,0,2366329,2366329,1183129,0,0,0,0,0,2382049,0,2382048,1191024,1191024,1191024,icmp-echo
383814,28205,0,371,0,0,118,0,0,31,32,0,0,0,0,0,496,193,0,0,2391044,2391044,1195479,0,0,0,0,0,2387120,0,2387120,1193560,1193560,1193560,icmp-echo
469704,53102,0,446,0,0,153,0,0,28,29,0,0,0,0,1,384,152,0,0,2496533,2496533,1248247,0,0,0,0,0,2485310,0,2485310,1242655,1242655,1242655,icmp-echo
367708,35189,0,362,0,0,123,0,0,42,44,0,0,0,0,0,747,206,0,0,2353225,2353224,1176468,0,0,0,0,0,2379296,0,2379296,1189648,1189648,1189648,icmp-echo
623677,49668,0,567,0,0,150,0,0,20,23,0,1,0,0,0,478,152,0,0,2437435,2437436,1218649,0,0,0,0,0,2448430,0,2448430,1224215,1224215,1224215,icmp-echo
386728,29788,0,353,0,0,152,0,0,31,33,0,1,0,0,0,468,153,0,0,2437658,2437658,1218775,0,0,0,0,0,2402218,0,2402218,1201110,1201109,1201109,icmp-echo
478861,29705,0,432,0,0,54,0,0,43,44,0,0,-2,0,1,466,152,0,0,2487462,2487461,1243676,0,0,0,0,0,2488516,0,2488516,1244258,1244258,1244258,icmp-echo
543289,42691,0,510,0,0,158,0,0,39,40,0,0,0,0,0,243,131,0,0,2461072,2461072,1230503,0,0,0,0,0,2475352,0,2475353,1237676,1237676,1237677,icmp-echo
392669,51569,0,369,0,0,134,0,0,19,23,0,0,0,0,0,654,225,0,0,2463140,2463140,1231546,0,0,0,0,0,2474248,0,2474248,1237124,1237124,1237124,icmp-echo
454666,45430,0,435,0,0,166,0,0,24,26,0,0,0,0,0,267,154,0,0,2390231,2390232,1195156,0,0,0,0,0,2378671,0,2378671,1189335,1189336,1189335,icmp-echo
402929,30310,0,358,0,0,98,0,0,16,19,0,1,0,0,0,600,178,0,0,2477283,2477283,1238536,0,0,0,0,0,2472123,0,2472122,1236061,1236061,1236061,icmp-echo
423296,27811,0,388,0,0,120,0,0,41,42,0,0,1,0,1,531,174,0,0,2454212,2454212,1227049,0,0,0,0,0,2436042,0,2436043,1218022,1218021,1218021,icmp-echo
899186,94023,0,778,0,0,230,0,0,33,35,0,3,-1,0,0,579,190,0,0,2307525,2307525,1153655,0,0,0,0,0,2316966,0,2316966,1158483,1158483,1158483,icmp-echo
184540,19243,0,209,0,0,61,0,0,28,31,0,0,0,0,0,706,189,0,0,2512826,2512826,1256342,0,0,0,0,0,2538172,0,2538172,1269086,1269086,1269087,icmp-echo
895729,63421,0,880,0,0,244,0,0,42,45,0,0,0,0,1,485,189,0,0,2449808,2449808,1224806,0,0,0,0,0,2439102,0,2439101,1219550,1219551,1219550,icmp-echo
684367,44448,0,556,0,0,181,0,0,14,16,0,0,0,0,0,825,261,0,0,2340786,2340786,1170327,0,0,0,0,0,2370408,0,2370409,1185205,1185204,1185204,icmp-echo
536142,59803,0,435,0,0,118,0,0,16,20,0,1,0,0,0,570,175,0,0,1793868,1793868,896836,0,0,0,0,0,1461598,0,1461597,730798,730799,730799,icmp-echo
592568,30441,0,547,0,0,45457,0,0,46,50,0,2,0,0,2,492,295,0,0,587985,587985,104659,0,0,0,0,0,755940,0,897391,755940,755940,141451,icmp-echo
519422,43832958,0,442,0,0,185414,0,0,41,45,0,2,0,0,1,353,186,0,0,1318285,1318285,202691,0,0,0,0,0,1305048,0,1487394,1305049,1305049,182345,icmp-echo
352651,30196654,0,456,0,0,209084,0,0,41,39,0,1,0,0,0,443,414,0,0,1325511,1325510,176242,0,0,0,0,0,1322254,0,1498796,1322254,1322254,176542,icmp-echo
707799,37573584,0,507,0,0,147693,0,0,28,31,0,0,0,0,0,1009,455,0,0,1332944,1332945,157114,0,0,0,0,0,1327880,0,1486214,1327879,1327879,158335,icmp-echo
1347813,27316302,0,1145,0,0,143742,0,0,33,37,0,2,-1,0,1,738,415,0,0,1312761,1312760,172074,0,0,0,0,0,1311330,0,1483713,1311330,1311330,172383,icmp-echo
348476,41199038,0,427,0,0,216869,0,0,38,40,0,2,0,0,0,564,420,0,0,1288981,1288982,181814,0,0,0,0,0,1299948,0,1483995,1299948,1299948,184047,icmp-echo
577399,29978062,0,434,0,0,157706,0,0,32,38,0,2,1,0,1,539,384,0,0,1266121,1266121,178849,0,0,0,0,0,1249725,0,1426091,1249725,1249725,176366,icmp-echo
672527,29530227,0,627,0,0,155339,0,0,14,21,0,0,0,0,1,677,379,0,0,1305384,1305384,203152,0,0,0,0,0,1305198,0,1507207,1305198,1305198,202009,icmp-echo
430180,48865271,0,410,0,0,257131,0,0,46,54,0,6,2,0,1,179,151,0,2,1242999,1242999,210554,0,0,0,0,0,1246593,0,1459510,1246593,1246593,212917,icmp-echo
19820,32678002,0,54,0,0,171925,0,0,27,30,0,3,0,0,0,115,123,0,0,1265751,1265751,175793,0,0,0,0,0,1278281,0,1453548,1278281,1278281,175267,icmp-echo
35978,29009934,0,123,0,0,192775,0,0,98,108,0,7,3,1,5,124,120,0,1,1307731,1307730,148077,0,0,0,0,0,1305177,0,1446173,1305177,1305177,140995,icmp-echo
42012,33248830,0,96,0,0,134638,0,0,17,19,0,0,0,0,0,104,121,0,0,1200163,1200164,159676,0,0,0,0,0,1183454,0,1346383,1183455,1183454,162929,icmp-echo
567127,30664903,0,638,0,0,161047,0,0,91,109,0,11,5,0,6,670,544,0,0,1303225,1303225,163199,0,0,0,0,0,1295591,0,1464991,1295591,1295592,169399,icmp-echo
43900,30204894,0,140,0,0,158908,0,0,39,42,0,4,1,0,1,141,117,0,0,1320676,1320676,156711,0,0,0,0,0,1320167,0,1478723,1320167,1320166,158557,icmp-echo
15941,32011933,0,62,0,0,168445,0,0,19,24,0,3,0,0,1,116,113,0,0,1311880,1311880,171716,0,0,0,0,0,1314102,0,1470000,1314101,1314102,155898,icmp-echo
12619,23901864,0,56,0,0,125762,0,2,35,38,0,1,-1,0,0,76,82,0,0,1346836,1346836,140137,0,0,0,0,0,1348423,0,1490875,1348423,1348423,142452,icmp-echo
7900,32399242,0,60,0,0,170498,0,0,17,20,0,0,0,0,0,149,141,0,0,1317616,1317615,160759,0,0,0,0,0,1312124,0,1482737,1312124,1312124,170613,icmp-echo
11035,29418098,0,49,0,0,154800,0,0,18,20,0,0,0,0,0,100,96,0,0,1340189,1340190,150623,0,0,0,0,0,1345748,0,1489414,1345748,1345748,143666,icmp-echo
6298,29536988,0,31,0,0,155422,0,0,6,11,0,1,0,0,0,96,109,0,0,1333957,1333957,153669,0,0,0,0,0,1330539,0,1477555,1330539,1330539,147016,icmp-echo
9506,27493119,0,47,0,0,144639,0,0,12,14,0,0,0,0,0,88,94,0,0,1317751,1317751,162982,0,0,0,0,0,1313128,0,1486282,1313129,1313129,173153,icmp-echo
3673,33051085,0,25,0,0,173942,0,0,18,20,0,1,0,0,0,81,85,0,0,1328535,1328535,174851,0,0,0,0,0,1338318,0,1516932,1338317,1338317,178615,icmp-echo
4184,34611570,0,42,0,0,182169,0,4,40,44,0,4,-1,0,1,86,96,0,0,1327218,1327217,171630,0,0,0,0,0,1319395,0,1486004,1319395,1319395,166609,icmp-echo
11037,29857531,0,46,0,0,157130,0,0,16,21,0,0,0,0,0,73,71,0,0,1334182,1334183,149346,0,0,0,0,0,1343410,0,1484310,1343411,1343410,140900,icmp-echo
11072,25190559,0,57,0,0,132548,0,0,28,31,0,0,0,0,0,119,119,0,0,1350495,1350495,148117,0,0,0,0,0,1347549,0,1499331,1347549,1347550,151781,icmp-echo
7018,32119735,0,42,0,0,168994,0,0,9,14,0,1,0,0,0,96,106,0,0,1339763,1339762,189825,0,0,0,0,0,1329048,0,1530522,1329048,1329047,201474,icmp-echo
37223,50270,0,172,0,0,170,0,110,1954166,1953975,184575,188,101,0,184463,125,127,0,0,142,142,152,0,0,0,0,0,0,0,0,0,0,0,httpFlood
24353,19398,1,129,0,0,90,0,168,1952800,1952760,183518,44,-115,0,183711,247,107,0,0,155,155,143,0,0,0,0,0,0,0,0,0,0,0,httpFlood
59225,65777,0,136,0,0,161,0,115,1944996,1944744,183571,263,-115,0,183559,159,157,0,0,219,219,224,0,0,0,0,0,0,0,0,0,0,0,httpFlood
27805,40596,0,115,0,0,84,0,102,1990197,1989929,187832,270,95,0,187599,160,137,0,0,172,172,177,0,0,0,0,0,0,0,0,0,0,0,httpFlood
12889,22762,0,74,0,0,90,0,131,1965551,1965013,185162,543,191,1,185181,121,123,0,0,131,131,139,0,0,0,0,0,0,0,0,0,0,0,httpFlood
5922,9717,0,56,0,0,54,0,118,1997729,1997542,189069,193,-82,0,189257,89,84,0,0,115,115,118,0,0,0,0,0,0,0,0,0,0,0,httpFlood
6894,11441,0,64,0,0,64,0,96,1923990,1923800,181149,198,-81,0,181200,114,96,0,0,118,118,128,0,0,0,0,0,0,0,0,0,0,0,httpFlood
29308,34297,0,118,0,0,125,0,113,2012554,2012170,189626,386,-43,0,189574,151,146,0,0,179,179,182,0,0,0,0,0,0,0,0,0,0,0,httpFlood
36193,35968,0,159,0,0,172,0,146,1943651,1943405,183279,248,109,0,183134,141,152,0,0,225,225,241,0,0,0,0,0,0,0,0,0,0,0,httpFlood
8122,26354,0,94,0,0,69,0,126,1905587,1905388,177736,203,64,0,177710,385,367,0,0,475,475,448,0,0,0,0,0,0,0,0,0,0,0,httpFlood
226475,221787,0,545,0,0,537,0,85,1830367,1830331,169537,38,-70,0,169559,380,380,0,0,408,408,430,0,0,0,0,0,0,0,0,0,0,0,httpFlood
155531,194019,0,359,0,0,463,0,137,1921611,1921493,179630,120,473,0,179493,441,476,0,0,464,464,499,0,0,0,0,0,0,0,0,0,0,0,httpFlood
159258,190966,0,451,0,0,404,0,142,1971183,1971019,183953,176,-417,1,184091,374,373,0,0,444,444,468,0,0,0,0,0,0,0,0,0,0,0,httpFlood
138096,210237,0,475,0,0,510,0,114,1864880,1864828,173072,63,-40,0,173317,540,546,0,0,553,553,590,0,0,0,0,0,0,0,0,0,0,0,httpFlood
5403581,318316,0,4491,0,0,1072,0,114,1879818,1879572,175253,248,-113,0,175160,4555,1006,43,0,4594,4594,1005,0,0,0,0,0,0,0,0,0,0,0,httpFlood
634818,92187,0,679,0,0,231,0,94,1875024,1874650,175907,377,-34,0,176000,813,289,0,0,826,826,310,0,0,0,0,0,0,0,0,0,0,0,httpFlood
758769,82606,0,727,0,0,472,0,130,1938132,1938052,180459,82,-7,0,180418,359,343,0,0,531,531,511,0,0,0,0,0,0,0,0,0,0,0,httpFlood
559067,117636,0,807,0,0,577,0,103,1869125,1869055,173846,74,55,0,173890,798,683,0,0,872,872,762,0,0,0,0,0,0,0,0,0,0,0,httpFlood
810811,100606,0,533,0,0,496,0,134,1916832,1916796,178179,36,170,0,177942,986,756,0,0,899,899,796,0,0,0,0,0,0,0,0,0,0,0,httpFlood
1011694,114384,0,928,0,0,885,0,117,1913643,1913454,178212,195,-138,0,178221,691,531,0,0,702,702,570,0,0,0,0,0,0,0,0,0,0,0,httpFlood
1097928,114980,0,967,0,0,649,0,98,1879445,1878774,176173,675,-97,0,176322,933,788,0,0,1013,1013,890,0,0,0,0,0,0,0,0,0,0,0,httpFlood
690876,124784,0,707,0,0,631,0,101,1889846,1889407,176498,457,-36,1,176355,938,807,31,0,950,950,822,0,0,0,0,0,0,0,0,0,0,0,httpFlood
917432,144399,0,854,0,0,697,0,94,1783180,1782670,165708,508,-2,0,165931,787,564,0,0,972,972,730,0,0,0,0,0,0,0,0,0,0,0,httpFlood
660952,99563,0,684,0,0,515,0,116,1821102,1820983,168679,127,-1,0,168453,646,494,0,0,545,545,428,0,0,0,0,0,0,0,0,0,0,0,httpFlood
713891,112832,0,880,0,0,580,0,113,1940186,1940016,180975,175,74,0,181141,962,668,0,0,1143,1143,887,0,0,0,0,0,0,0,0,0,0,0,httpFlood
1313005,120194,0,940,0,0,859,0,73,1876269,1876120,173230,160,136,0,173101,924,718,26,0,943,943,743,0,0,0,0,0,0,0,0,0,0,0,httpFlood
635947,119229,0,687,0,0,685,0,109,1935065,1934920,179360,153,-212,1,179426,965,793,0,0,832,832,723,0,0,0,0,0,0,0,0,0,0,0,httpFlood
1078385,122074,0,1015,0,0,844,0,70,1891768,1891490,175766,285,0,0,175777,1163,737,0,0,1196,1196,771,0,0,0,0,0,0,0,0,0,0,0,httpFlood
1209533,85448,0,1041,0,0,179,0,90,1824182,1823900,168612,286,0,0,168652,846,234,0,0,689,689,251,0,0,0,0,0,0,0,0,0,0,0,httpFlood
654521,52059,1,622,0,0,181,0,106,1881762,1881428,174972,340,91,0,174983,794,202,0,0,1111,1111,312,0,0,0,0,0,0,0,0,0,0,0,httpFlood
1196421,104122,0,1044,0,0,216,0,110,1901069,1900795,176762,281,151,0,176624,951,222,0,0,685,685,232,0,0,0,0,0,0,0,0,0,0,0,httpFlood
610706,43798,0,559,0,0,162,0,146,1878340,1877985,175455,359,-243,0,175493,677,186,0,0,667,667,214,0,0,0,0,0,0,0,0,0,0,0,httpFlood
939172,57947,0,1013,0,0,271,0,101,1935788,1935672,179590,123,55,0,179701,778,258,0,0,820,820,309,0,0,0,0,0,0,0,0,0,0,0,httpFlood
664604,68151,0,434,0,0,222,0,104,1884242,1884194,174851,56,-22,0,174916,818,209,0,0,885,885,286,0,0,0,0,0,0,0,0,0,0,0,httpFlood
1151043,42482,0,957,0,0,127,0,82,1864287,1864215,172765,78,61,0,172685,1090,222,0,0,1120,1120,279,0,0,0,0,0,0,0,0,0,0,0,httpFlood
979536,117164,0,1034,0,0,341,0,82,1812721,1812453,169246,262,340,0,169114,812,294,0,0,880,880,361,0,0,0,0,0,0,0,0,0,0,0,httpFlood
1049014,70157,0,754,0,0,175,0,99,1857145,1856866,173244,281,-318,0,173280,645,181,0,0,676,676,230,0,0,0,0,0,0,0,0,0,0,0,httpFlood
856503,47993,0,747,0,0,172,0,121,1905468,1905409,177218,65,-53,0,177397,734,194,0,0,760,760,243,0,0,0,0,0,0,0,0,0,0,0,httpFlood
540199,72001,0,552,0,0,203,0,154,1875286,1874964,174642,327,189,0,174537,899,224,42,0,841,841,249,0,0,0,0,0,0,0,0,0,0,0,httpFlood
706962,61012,0,671,0,0,168,0,91,1814683,1814594,168611,90,-211,0,168501,389,147,0,0,368,368,238,0,0,0,0,0,0,0,0,0,0,0,httpFlood
29120,30959,0,143,0,0,105,0,103,1899525,1899452,178182,82,276,0,178200,144,120,0,0,144,144,149,0,0,0,0,0,0,0,0,0,0,0,httpFlood
8835,15872,0,57,0,0,57,0,107,1948127,1947895,185028,238,-163,0,185009,113,83,0,0,103,103,113,0,0,0,0,0,0,0,0,0,0,0,httpFlood
14402,24754,0,81,0,0,87,0,106,1933103,1933033,181779,72,-92,0,181648,148,106,0,0,135,135,138,0,0,0,0,0,0,0,0,0,0,0,httpFlood
25069,35716,0,85,0,0,101,0,116,1962491,1962339,185722,158,44,0,185809,149,159,0,0,206,206,222,0,0,0,0,0,0,0,0,0,0,0,httpFlood
40263,29666,0,124,0,0,125,0,112,1969634,1969103,187917,535,-76,1,187897,105,99,0,0,150,150,147,0,0,0,0,0,0,0,0,0,0,0,httpFlood
7794,15356,0,49,0,0,51,0,49,683039,682445,65232,595,1134,0,65617,158,140,0,0,209,209,206,0,0,0,0,0,0,0,0,0,0,0,httpFlood
37223,50270,0,172,0,0,170,0,110,1954166,1953975,184575,188,101,0,184463,125,127,0,0,142,142,152,0,0,0,0,0,0,0,0,0,0,0,httpFlood
24353,19398,1,129,0,0,90,0,168,1952800,1952760,183518,44,-115,0,183711,247,107,0,0,155,155,143,0,0,0,0,0,0,0,0,0,0,0,httpFlood
59225,65777,0,136,0,0,161,0,115,1944996,1944744,183571,263,-115,0,183559,159,157,0,0,219,219,224,0,0,0,0,0,0,0,0,0,0,0,httpFlood
27805,40596,0,115,0,0,84,0,102,1990197,1989929,187832,270,95,0,187599,160,137,0,0,172,172,177,0,0,0,0,0,0,0,0,0,0,0,httpFlood
12889,22762,0,74,0,0,90,0,131,1965551,1965013,185162,543,191,1,185181,121,123,0,0,131,131,139,0,0,0,0,0,0,0,0,0,0,0,httpFlood
5922,9717,0,56,0,0,54,0,118,1997729,1997542,189069,193,-82,0,189257,89,84,0,0,115,115,118,0,0,0,0,0,0,0,0,0,0,0,httpFlood
6894,11441,0,64,0,0,64,0,96,1923990,1923800,181149,198,-81,0,181200,114,96,0,0,118,118,128,0,0,0,0,0,0,0,0,0,0,0,httpFlood
29308,34297,0,118,0,0,125,0,113,2012554,2012170,189626,386,-43,0,189574,151,146,0,0,179,179,182,0,0,0,0,0,0,0,0,0,0,0,httpFlood
36193,35968,0,159,0,0,172,0,146,1943651,1943405,183279,248,109,0,183134,141,152,0,0,225,225,241,0,0,0,0,0,0,0,0,0,0,0,httpFlood
8122,26354,0,94,0,0,69,0,126,1905587,1905388,177736,203,64,0,177710,385,367,0,0,475,475,448,0,0,0,0,0,0,0,0,0,0,0,httpFlood
226475,221787,0,545,0,0,537,0,85,1830367,1830331,169537,38,-70,0,169559,380,380,0,0,408,408,430,0,0,0,0,0,0,0,0,0,0,0,httpFlood
155531,194019,0,359,0,0,463,0,137,1921611,1921493,179630,120,473,0,179493,441,476,0,0,464,464,499,0,0,0,0,0,0,0,0,0,0,0,httpFlood
159258,190966,0,451,0,0,404,0,142,1971183,1971019,183953,176,-417,1,184091,374,373,0,0,444,444,468,0,0,0,0,0,0,0,0,0,0,0,httpFlood
138096,210237,0,475,0,0,510,0,114,1864880,1864828,173072,63,-40,0,173317,540,546,0,0,553,553,590,0,0,0,0,0,0,0,0,0,0,0,httpFlood
5403581,318316,0,4491,0,0,1072,0,114,1879818,1879572,175253,248,-113,0,175160,4555,1006,43,0,4594,4594,1005,0,0,0,0,0,0,0,0,0,0,0,httpFlood
634818,92187,0,679,0,0,231,0,94,1875024,1874650,175907,377,-34,0,176000,813,289,0,0,826,826,310,0,0,0,0,0,0,0,0,0,0,0,httpFlood
758769,82606,0,727,0,0,472,0,130,1938132,1938052,180459,82,-7,0,180418,359,343,0,0,531,531,511,0,0,0,0,0,0,0,0,0,0,0,httpFlood
559067,117636,0,807,0,0,577,0,103,1869125,1869055,173846,74,55,0,173890,798,683,0,0,872,872,762,0,0,0,0,0,0,0,0,0,0,0,httpFlood
810811,100606,0,533,0,0,496,0,134,1916832,1916796,178179,36,170,0,177942,986,756,0,0,899,899,796,0,0,0,0,0,0,0,0,0,0,0,httpFlood
1011694,114384,0,928,0,0,885,0,117,1913643,1913454,178212,195,-138,0,178221,691,531,0,0,702,702,570,0,0,0,0,0,0,0,0,0,0,0,httpFlood
1097928,114980,0,967,0,0,649,0,98,1879445,1878774,176173,675,-97,0,176322,933,788,0,0,1013,1013,890,0,0,0,0,0,0,0,0,0,0,0,httpFlood
690876,124784,0,707,0,0,631,0,101,1889846,1889407,176498,457,-36,1,176355,938,807,31,0,950,950,822,0,0,0,0,0,0,0,0,0,0,0,httpFlood
917432,144399,0,854,0,0,697,0,94,1783180,1782670,165708,508,-2,0,165931,787,564,0,0,972,972,730,0,0,0,0,0,0,0,0,0,0,0,httpFlood
660952,99563,0,684,0,0,515,0,116,1821102,1820983,168679,127,-1,0,168453,646,494,0,0,545,545,428,0,0,0,0,0,0,0,0,0,0,0,httpFlood
713891,112832,0,880,0,0,580,0,113,1940186,1940016,180975,175,74,0,181141,962,668,0,0,1143,1143,887,0,0,0,0,0,0,0,0,0,0,0,httpFlood
1313005,120194,0,940,0,0,859,0,73,1876269,1876120,173230,160,136,0,173101,924,718,26,0,943,943,743,0,0,0,0,0,0,0,0,0,0,0,httpFlood
635947,119229,0,687,0,0,685,0,109,1935065,1934920,179360,153,-212,1,179426,965,793,0,0,832,832,723,0,0,0,0,0,0,0,0,0,0,0,httpFlood
1078385,122074,0,1015,0,0,844,0,70,1891768,1891490,175766,285,0,0,175777,1163,737,0,0,1196,1196,771,0,0,0,0,0,0,0,0,0,0,0,httpFlood
1209533,85448,0,1041,0,0,179,0,90,1824182,1823900,168612,286,0,0,168652,846,234,0,0,689,689,251,0,0,0,0,0,0,0,0,0,0,0,httpFlood
654521,52059,1,622,0,0,181,0,106,1881762,1881428,174972,340,91,0,174983,794,202,0,0,1111,1111,312,0,0,0,0,0,0,0,0,0,0,0,httpFlood
1196421,104122,0,1044,0,0,216,0,110,1901069,1900795,176762,281,151,0,176624,951,222,0,0,685,685,232,0,0,0,0,0,0,0,0,0,0,0,httpFlood
610706,43798,0,559,0,0,162,0,146,1878340,1877985,175455,359,-243,0,175493,677,186,0,0,667,667,214,0,0,0,0,0,0,0,0,0,0,0,httpFlood
939172,57947,0,1013,0,0,271,0,101,1935788,1935672,179590,123,55,0,179701,778,258,0,0,820,820,309,0,0,0,0,0,0,0,0,0,0,0,httpFlood
664604,68151,0,434,0,0,222,0,104,1884242,1884194,174851,56,-22,0,174916,818,209,0,0,885,885,286,0,0,0,0,0,0,0,0,0,0,0,httpFlood
1151043,42482,0,957,0,0,127,0,82,1864287,1864215,172765,78,61,0,172685,1090,222,0,0,1120,1120,279,0,0,0,0,0,0,0,0,0,0,0,httpFlood
979536,117164,0,1034,0,0,341,0,82,1812721,1812453,169246,262,340,0,169114,812,294,0,0,880,880,361,0,0,0,0,0,0,0,0,0,0,0,httpFlood
1049014,70157,0,754,0,0,175,0,99,1857145,1856866,173244,281,-318,0,173280,645,181,0,0,676,676,230,0,0,0,0,0,0,0,0,0,0,0,httpFlood
856503,47993,0,747,0,0,172,0,121,1905468,1905409,177218,65,-53,0,177397,734,194,0,0,760,760,243,0,0,0,0,0,0,0,0,0,0,0,httpFlood
540199,72001,0,552,0,0,203,0,154,1875286,1874964,174642,327,189,0,174537,899,224,42,0,841,841,249,0,0,0,0,0,0,0,0,0,0,0,httpFlood
706962,61012,0,671,0,0,168,0,91,1814683,1814594,168611,90,-211,0,168501,389,147,0,0,368,368,238,0,0,0,0,0,0,0,0,0,0,0,httpFlood
29120,30959,0,143,0,0,105,0,103,1899525,1899452,178182,82,276,0,178200,144,120,0,0,144,144,149,0,0,0,0,0,0,0,0,0,0,0,httpFlood
8835,15872,0,57,0,0,57,0,107,1948127,1947895,185028,238,-163,0,185009,113,83,0,0,103,103,113,0,0,0,0,0,0,0,0,0,0,0,httpFlood
14402,24754,0,81,0,0,87,0,106,1933103,1933033,181779,72,-92,0,181648,148,106,0,0,135,135,138,0,0,0,0,0,0,0,0,0,0,0,httpFlood
25069,35716,0,85,0,0,101,0,116,1962491,1962339,185722,158,44,0,185809,149,159,0,0,206,206,222,0,0,0,0,0,0,0,0,0,0,0,httpFlood
40263,29666,0,124,0,0,125,0,112,1969634,1969103,187917,535,-76,1,187897,105,99,0,0,150,150,147,0,0,0,0,0,0,0,0,0,0,0,httpFlood
13540,18900,0,55,0,0,48,0,1,7750,2578,0,5175,-1,1,727,90,90,0,0,117,117,116,0,0,0,0,0,0,0,0,0,0,0,slowpost
11097,11887,0,58,0,0,41,0,0,13239,7180,401,6066,322,0,755,106,87,0,0,115,115,114,0,0,0,0,0,0,0,0,0,0,0,slowpost
12136,18082,0,51,0,0,51,0,0,8937,3295,0,6004,0,0,725,93,86,0,0,121,121,130,0,0,0,0,0,0,0,0,0,0,0,slowpost
30139,47206,0,97,0,0,106,0,1,12387,6454,355,5934,235,1,728,158,143,0,0,144,144,149,0,0,0,0,0,0,0,0,0,0,0,slowpost
8154,9729,0,54,0,0,37,0,0,8726,3264,46,5602,-4,0,733,203,83,0,0,114,114,105,0,0,0,0,0,0,0,0,0,0,0,slowpost
3919,7380,0,28,0,0,27,0,0,11081,4896,199,6203,171,0,721,70,70,0,0,88,88,94,0,0,0,0,0,0,0,0,0,0,0,slowpost
3830,7096,0,22,0,0,25,0,0,10670,4973,201,5699,200,0,699,284,148,0,0,299,299,164,0,0,0,0,0,0,0,0,0,0,0,slowpost
245626,17234,0,230,0,0,99,0,0,8923,2561,0,6367,0,0,725,70,74,0,0,88,88,96,0,0,0,0,0,0,0,0,0,0,0,slowpost
1328,7216,0,113,0,0,121,0,1,13403,7415,401,5994,412,1,706,138,143,0,0,167,167,178,0,0,0,0,0,0,0,0,0,0,0,slowpost
40440,53649,0,29,0,0,34,0,0,8734,2799,0,6082,0,0,678,91,84,0,0,93,93,98,0,0,0,0,0,0,0,0,0,0,0,slowpost
1769,6520,0,19,0,0,19,0,380,13658,7337,402,6325,-105,380,684,90,91,0,0,96,96,104,0,0,0,0,0,0,0,0,0,0,0,slowpost
24950,28098,0,74,0,0,80,0,23,8640,3227,0,5770,-23,23,642,101,105,0,0,136,136,141,0,0,0,0,0,0,0,0,0,0,0,slowpost
19632,24058,0,49,0,0,47,0,204,12607,6525,324,6084,-149,204,681,92,85,0,0,106,106,105,0,0,0,0,0,0,0,0,0,0,0,slowpost
2493,4966,0,22,0,0,27,0,158,9946,3485,77,6480,82,158,690,70,70,0,0,82,82,84,0,0,0,0,0,0,0,0,0,0,0,slowpost
1555,4059,0,17,0,0,44,0,114,12346,5567,260,6790,82,113,698,99,94,0,0,121,121,130,0,0,0,0,0,0,0,0,0,0,0,slowpost
17944,20759,0,65,0,0,34,0,100,9368,4015,141,5357,-76,100,687,92,74,0,0,90,90,91,0,0,0,0,0,0,0,0,0,0,0,slowpost
7211,16315,0,45,0,0,52,0,217,9905,3431,174,6613,9,217,688,102,95,0,0,115,115,119,0,0,0,0,0,0,0,0,0,0,0,slowpost
2546,6287,0,22,0,0,25,0,195,10470,4927,229,5544,-177,195,681,74,71,0,0,86,86,87,0,0,0,0,0,0,0,0,0,0,0,slowpost
5541,7903,0,39,0,0,40,0,135,6394,2142,0,4301,-135,135,65,102,81,0,0,115,115,108,0,0,0,0,0,0,0,0,0,0,0,slowpost
28662,27632,0,80,0,0,68,0,57,9572,7464,401,2112,-38,57,6,1079,535,0,0,1247,1247,662,0,0,0,0,0,0,0,0,0,0,0,slowpost
4865280,327202,0,5391,0,0,1811,0,122,8333,6112,396,2458,-147,123,8,5379,1754,0,0,5587,5587,1835,0,0,0,0,0,0,0,0,0,0,0,slowpost
3642408,186098,0,2937,0,0,1325,0,1899,8276,7712,292,565,-2838,1210,2,2824,1377,0,0,2730,2730,1395,0,0,0,0,0,0,0,0,0,0,0,slowpost
1578072,247053,0,2589,0,0,1398,0,13,3636,3625,725,13,1423,11,715,2767,1394,0,0,2620,2620,1449,0,0,0,0,0,0,0,0,0,0,0,slowpost
3203946,279738,0,2996,0,0,1487,0,16,9462,6467,289,2999,510,1,939,3287,1569,0,0,3234,3234,1579,0,0,0,0,0,0,0,0,0,0,0,slowpost
2676490,222909,0,2951,0,0,1373,0,1,11774,5936,303,5839,164,1,900,3094,1485,0,0,3172,3172,1524,0,0,0,0,0,0,0,0,0,0,0,slowpost
2694255,198361,0,2984,0,0,1326,0,2,14708,7326,402,7390,311,2,892,3170,1436,0,0,3110,3110,1478,0,0,0,0,0,0,0,0,0,0,0,slowpost
3087785,228485,0,3255,0,0,1443,0,0,9541,3249,0,6572,0,0,841,3227,1457,0,0,3076,3076,1471,0,0,0,0,0,0,0,0,0,0,0,slowpost
2345038,278111,0,2776,0,0,1474,0,1,15344,8725,401,6622,200,1,823,2832,1505,0,0,2868,2868,1582,0,0,0,0,0,0,0,0,0,0,0,slowpost
2160697,277022,0,2614,0,0,1274,0,0,9700,3168,0,6767,2,0,814,2404,1049,0,0,2414,2414,1064,0,0,0,0,0,0,0,0,0,0,0,slowpost
3364271,206311,0,3376,0,0,1108,0,0,13397,7192,400,6208,319,0,770,3754,1166,0,0,3843,3843,1206,0,0,0,0,0,0,0,0,0,0,0,slowpost
2413391,170741,0,2645,0,0,1159,0,3,13622,6379,303,7244,339,4,788,2575,997,0,0,2660,2660,1044,0,0,0,0,0,0,0,0,0,0,0,slowpost
1992168,180925,0,2307,0,0,989,0,1,9953,3851,99,6213,32,1,772,2165,1064,0,0,2111,2111,1072,0,0,0,0,0,0,0,0,0,0,0,slowpost
1513581,223186,0,2618,0,0,1013,0,262,17614,9598,403,8018,162,262,759,2518,1078,0,0,2658,2658,1125,0,0,0,0,0,0,0,0,0,0,0,slowpost
1901843,180851,0,1591,0,0,578,0,13,9765,3139,0,6863,-13,13,793,894,401,0,0,709,709,386,0,0,0,0,0,0,0,0,0,0,0,slowpost
67168,86662,0,177,0,0,195,0,321,13794,7423,400,6375,-22,321,734,322,356,0,0,347,347,384,0,0,0,0,0,0,0,0,0,0,0,slowpost
159480,191734,0,367,0,0,413,0,8,9459,2922,0,6710,-8,8,727,349,376,0,0,370,370,406,0,0,0,0,0,0,0,0,0,0,0,slowpost
106645,123462,0,242,0,0,271,0,52,13284,7398,402,5889,317,52,728,333,339,0,0,345,345,374,0,0,0,0,0,0,0,0,0,0,0,slowpost
118556,156403,0,289,0,0,330,0,92,9665,2960,8,6711,-31,92,728,320,336,0,0,330,330,357,0,0,0,0,0,0,0,0,0,0,0,slowpost
101920,126491,0,362,0,0,414,0,128,12522,6869,393,5657,71,127,703,394,428,0,0,443,443,478,0,0,0,0,0,0,0,0,0,0,0,slowpost
113776,163622,0,328,0,0,343,0,2615,12500,10162,385,2396,-3712,1304,3,245,254,0,0,254,254,267,0,0,0,0,0,0,0,0,0,0,0,slowpost
51190,53224,0,111,0,0,126,0,82,3537,3454,726,88,1288,82,650,158,162,0,0,180,180,206,0,0,0,0,0,0,0,0,0,0,0,slowpost
47153,66944,0,112,0,0,132,0,30,5507,3581,228,1936,437,5,830,230,252,0,0,324,324,305,0,0,0,0,0,0,0,0,0,0,0,slowpost
1007886,264132,0,1060,0,0,630,0,30,12168,6935,390,5234,369,8,805,1064,626,0,0,1110,1110,698,0,0,0,0,0,0,0,0,0,0,0,slowpost
4607334,669828,0,4403,0,0,3310,0,5,11055,4920,18,6129,31,0,868,4203,3143,0,0,4455,4455,3397,0,0,0,0,0,0,0,0,0,0,0,slowpost
183465,221407,0,425,0,0,431,0,3,13177,7086,390,6094,277,3,805,412,428,0,0,446,446,393,0,0,0,0,0,0,0,0,0,0,0,slowpost
164236,180716,0,369,0,0,363,0,0,9093,3425,12,5962,22,0,750,296,296,0,0,325,325,319,0,0,0,0,0,0,0,0,0,0,0,slowpost
152818,180797,0,293,0,0,320,0,7,13211,6937,385,6301,264,7,751,422,447,0,0,488,488,490,0,0,0,0,0,0,0,0,0,0,0,slowpost
816936,222442,0,965,0,0,570,0,0,9195,3224,18,6137,23,0,741,876,525,0,0,931,931,576,0,0,0,0,0,0,0,0,0,0,0,slowpost
